index,1-log50k(aff),allele,core,method,name,nearest,peptide,pos,score,locus_tag,length,translation,start,end,hydro,RVL,tbname,mbname,identity,overlap,id
75,,7.0,VVTLEKNGL,tepitope,Rv2603c,7.0,LFSRKGVVTLEKNGLTEDDV,139.0,3.6601900000000014,Rv2603c,251.0,MSGHSKWATTKHKKAVVDARRGKMFARLIKNIEVAARVGGGDPAGNPTLYDAIQKAKKSSVPNENIERARKRGAGEEAGGADWQTIMYEGYAPNGVAVLIECLTDNRNRAASEVRVAMTRNGGTMADPGSVSYLFSRKGVVTLEKNGLTEDDVLAAVLEAGAEDVNDLGDSFEVISEPAELVAVRSALQDAGIDYESAEASFQPSVSVPVDLDGARKVFKLVDALEDSDDVQNVWTNVDVSDEVLAALDDE,133.0,153.0,0.35,0.35,Rv2603c,Mb2635c,100.0,251,Mb2635c_69
95,,6.0,LFIGLVLGF,tepitope,Rv1234,17.0,SGAWLGLFIGLVLGFFSPNP,97.0,5.1000000000000005,Rv1234,175.0,MTSPFQPRQVPGSTPAAAGAGRRGVPALPTPPKGWPVGSYPTYAEAQRAVDYLSEQQFPVQQVTIVGVDLMQVERVTGRLTWPKVLGGGVLSGAWLGLFIGLVLGFFSPNPWSALVTGLVAGVFFGLITSAVPYAMARGTRDFSSTMQLVAGRYDVLCDPQNAEKARDLLARLAI,91.0,111.0,0.55,0.25,Rv1234,Mb1266,100.0,175,Mb1266_85
14,0.335,4.0,LVRQGVPFR,netmhciipan,Rv1659,129.0,TDLAEWLVRQGVPFRSAHEA,378.0,,Rv1659,470.0,MSTNEGSLWGGRFAGGPSDALAALSKSTHFDWVLAPYDLTASRAHTMVLFRAGLLTEEQRDGLLAGLDSLAQDVADGSFGPLVTDEDVHAALERGLIDRVGPDLGGRLRAGRSRNDQVAALFRMWLRDAVRRVATGVLDVVGALAEQAAAHPSAIMPGKTHLQSAQPILLAHHLLAHAHPLLRDLDRIVDFDKRAAVSPYGSGALAGSSLGLDPDAIAADLGFSAAADNSVDATAARDFAAEAAFVFAMIAVDLSRLAEDIIVWSSTEFGYVTLHDSWSTGSSIMPQKKNPDIAELARGKSGRLIGNLAGLLATLKAQPLAYNRDLQEDKEPVFDSVAQLELLLPAMAGLVASLTFNVQRMAELAPAGYTLATDLAEWLVRQGVPFRSAHEAAGAAVRAAEQRGVGLQELTDDELAAISPELTPQVREVLTIEGSVSARDCRGGTAPGRVAEQLNAIGEAAERLRRQLVR,372.0,392.0,0.45,0.3,Rv1659,Mb1687,100.0,470,Mb1687_12
92,,3.0,LPFDATMTD,tepitope,Rv1447c,6.0,FRRAPHLPFDATMTDELGTN,384.0,3.9,Rv1447c,514.0,MKPAHAAASWRNPLRDKRDKRLPRIAGPCGMVIFGVTGDLARKKVMPAVYDLANRGLLPPTFSLVGFARRDWSTQDFGQVVYNAVQEHCRTPFRQQNWDRLAEGFRFVPGTFDDDDAFAQLAETLEKLDAERGTGGNHAFYLAIPPKSFPVVCEQLHKSGLARPQGDRWSRVVIEKPFGHDLASARELNKAVNAVFPEEAVFRIDHYLGKETVQNILALRFANQLFDPIWNAHYVDHVQITMAEDIGLGGRAGYYDGIGAARDVIQNHLMQLLALTAMEEPVSFHPAALQAEKIKVLSATRLAEPLDQTTSRGQYAAGWQGGEKVVGLLDEEGFAEDSTTETFAAITLEVDTRRWAGVPFYLRTGKRLGRRVTEIALVFRRAPHLPFDATMTDELGTNAMVIRVQPDEGVTLRFGSKVPGTAMEVRDVNMDFSYGSAFAEDSPEAYERLILDVLLGEPSLFPVNAEVELAWEILDPALEHWAAHGTPDAYEAGTWGPESSLEMLRRTGREWRRP,378.0,398.0,0.3,0.2,Rv1447c,Mb1482c,100.0,514,Mb1482c_83
98,,5.0,LVGQPAKNQ,tepitope,Rv0350,10.0,ARNGEVLVGQPAKNQAVTNV,48.0,2.5195000000000007,Rv0350,625.0,MARAVGIDLGTTNSVVSVLEGGDPVVVANSEGSRTTPSIVAFARNGEVLVGQPAKNQAVTNVDRTVRSVKRHMGSDWSIEIDGKKYTAPEISARILMKLKRDAEAYLGEDITDAVITTPAYFNDAQRQATKDAGQIAGLNVLRIVNEPTAAALAYGLDKGEKEQRILVFDLGGGTFDVSLLEIGEGVVEVRATSGDNHLGGDDWDQRVVDWLVDKFKGTSGIDLTKDKMAMQRLREAAEKAKIELSSSQSTSINLPYITVDADKNPLFLDEQLTRAEFQRITQDLLDRTRKPFQSVIADTGISVSEIDHVVLVGGSTRMPAVTDLVKELTGGKEPNKGVNPDEVVAVGAALQAGVLKGEVKDVLLLDVTPLSLGIETKGGVMTRLIERNTTIPTKRSETFTTADDNQPSVQIQVYQGEREIAAHNKLLGSFELTGIPPAPRGIPQIEVTFDIDANGIVHVTAKDKGTGKENTIRIQEGSGLSKEDIDRMIKDAEAHAEEDRKRREEADVRNQAETLVYQTEKFVKEQREAEGGSKVPEDTLNKVDAAVAEAKAALGGSDISAIKSAMEKLGQESQALGQAIYEAAQAASQATGAAHPGGEPGGAHPGSADDVVDAEVVDDGREAK,42.0,62.0,0.4,0.3,Rv0350,Mb0358,100.0,625,Mb0358_87
101,,7.0,VRNMPRPLV,tepitope,Rv0068,1.0,VSNTEVVRNMPRPLVAVAAI,214.0,4.7,Rv0068,303.0,MTKWTAADIPDQTGRTAVITGANTGLGFETAAALAAHGAHVVLAVRNLDKGKQAAARITEATPGAEVELQELDLTSLASVRAAAAQLKSDHQRIDLLINNAGVMYTPRQTTADGFEMQFGTNHLGHFALTGLLIDRLLPVAGSRVVTISSVGHRIRAAIHFDDLQWERRYRRVAAYGQAKLANLLFTYELQRRLAPGGTTIAVASHPGVSNTEVVRNMPRPLVAVAAILAPLMQDAELGALPTLRAATDPAVRGGQYFGPDGFGEIRGYPKVVASSAQSHDEQLQRRLWAVSEELTGVVYPVG,208.0,228.0,0.5,0.4,Rv0068,Mb0069,99.7,303,Mb0069_90
67,,3.0,YVALALAMV,tepitope,Rv3805c,3.0,GPMRLEYVALALAMVLSLLG,80.0,2.7,Rv3805c,627.0,MVRVSLWLSVTAVAVLFGWGSWQRRWIADDGLIVLRTVRNLLAGNGPVFNQGERVEANTSTAWTYLLYVGGWVGGPMRLEYVALALAMVLSLLGMVLLMLGTGRLYAPSLRGRRAIMLPAGALVYIAVPPARDFATSGLESGLVLAYLGLLWWMMVCWSQPLRARPDSQMFLGALAFVAGCSVLVRPEFALIGGLALIMMLIAARTWRRRVLIVLAGGFLPVAYQIFRMGYYGLLVPSTALAKDAAGDKWSQGMIYVSNFNRPYALWVPLVLSVPLGLLLMTARRRPSFLRPVLAPDYGRVARAVQSPPAVVAFIVGSGVLQALYWIRQGGDFMHGRVLLAPLFCLLAPVGVIPILLPDGKDFSRETGRWLVGALSGLWLGIAGWSLWAANSPGMGDDATRVTYSGIVDERRFYAQATGHAHPLTAADYLDYPRMAAVLTALNNTPEGALLLPSGNYNQWDLVPMIRPSSGTAPGGKPAPKPQHAVFFTNMGMLGMNVGLDVRVIDQIGLVNPLAAHTERLKHARIGHDKNLFPDWVIADGPWVKWYPGIPGYIDQQWVTQAEAALQCPATRAVLNSVRAPITLHRFLSNVLHSYEFTRYRIDRVPRYELVRCGLDVPDGPGPPPRE,74.0,94.0,0.55,0.45,Rv3805c,Mb3835c,99.8,627,Mb3835c_62
23,0.355,4.0,AHHTRRLRF,netmhciipan,Rv2893,8.0,MTVASTAHHTRRLRFGLAAP,6.0,,Rv2893,325.0,MTVASTAHHTRRLRFGLAAPLPRAGTQMRAFAQAVEAAGFDVLAFPDHLVPSVSPFAGATAAAMATQRLHTGTLVLNNDFRHPVDTAREAAGVATLAEGRFELGLGAGHRRSEYDAAGITFDSGATRVARLIESAHLIRALLDAEPVDFDGQHYRVHAEAGSLVAPPKVRVPLLVGGNGTEVLRLGGRIADIVGLAGISHNRDATQVRFTHFDADGLADRIAVVRHAAGDRFEAIELNALIQAVVCTNDRNAAAAELAATLGGITPEQVLESPFLLLGTHEQMAEALAARQRRFGVSYWTVFDEWAGRASAMRDIAEVIALLRYG,0.0,20.0,0.4,0.3,Rv2893,Mb2917,100.0,325,Mb2917_21
69,,4.0,VALLSLLRS,tepitope,Rv3046c,17.0,VPGPDRVALLSLLRSTPLTE,31.0,3.5,Rv3046c,124.0,MTKTFSHPHFFRSVLRWLQVGYPEGVPGPDRVALLSLLRSTPLTEEQIGEVVRHFTENGSPAVADRVIDRDEIAEFISEVTHHDAGPENIQRVAGILAAAGWPLAGVDVGESESGSDRAPASQG,25.0,45.0,0.4,0.45,Rv3046c,Mb3072c,100.0,124,Mb3072c_64
56,0.335,4.0,VIVDPNGRI,netmhciipan,Rv1409,1.0,KPPVGAVIVDPNGRIVGAGG,35.0,,Rv1409,339.0,MNVEQVKSIDEAMGLAIEHSYQVKGTTYPKPPVGAVIVDPNGRIVGAGGTEPAGGDHAEVVALRRAGGLAAGAIVVVTMEPCNHYGKTPPCVNALIEARVGTVVYAVADPNGIAGGGAGRLSAAGLQVRSGVLAEQVAAGPLREWLHKQRTGLPHVTWKYATSIDGRSAAADGSSQWISSEAARLDLHRRRAIADAILVGTGTVLADDPALTARLADGSLAPQQPLRVVVGKRDIPPEARVLNDEARTMMIRTHEPMEVLRALSDRTDVLLEGGPTLAGAFLRAGAINRILAYVAPILLGGPVTAVDDVGVSNITNALRWQFDSVEKVGPDLLLSLVAR,29.0,49.0,0.4,0.25,Rv1409,Mb1444,99.4,339,Mb1444_51
71,,3.0,LYGDERIFA,tepitope,Rv3479,13.0,KKTPSLLYGDERIFAALAKR,108.0,4.800000000000002,Rv3479,1021.0,MAGVTREINLLAQASQWRRLGGTFPTNSQLTNESAASLRLYAQLIDLLDMVVDVDILSGTSAGGINAALLASSRVTGSDLGGIRDLWLDLGALTELLRDPRDKKTPSLLYGDERIFAALAKRLPKLATGPFPPTTFPEAARTPSTTLYITTTLLAGETSRFTDSFGTLVQDVDLRGLFTFTETDLARPDTAPALALAARSSASFPLAFEPSFLPFTKGTAKKGEVPARPAMAPFTSLTRPHWVSDGGLLDNRPIGVLFKRIFDRPARRPVRRVLLFVVPSSGPAPDPMHEPPPDNVDEPLGLIDGLLKGLAAVTTQSIAADLRAIRAHQDCMEARTDAKLRLAELAATLRNGTRLLTPSLLTDYRTREATKQAQTLTSALLRRLSTCPPESGPATESLPKSWSAELTVGGDADKVCRQQITATILLSWSQPTAQPLPQSPAELARFGQPAYDLAKGCALTVIRAAFQLARSDADIAALAEVTEAIHRAWRPTASSDLSVLVRTMCSRPAIRQGSLENAADQLAADYLQQSTVPGDAWERLGAALVNAYPTLTQLAASASADSGAPTDSLLARDHVAAGQLETYLSYLGTYPGRADDSRDAPTMAWKLFDLATTQRAMLPADAEIEQGLELVQVSADTRSLLAPDWQTAQQKLTGMRLHHFGAFYKRSWRANDWMWGRLDGAGWLVHVLLDPRRVRWIVGERADTNGPQSGAQWFLGKLKELGAPDFPSPGYPLPAVGGGPAQHLTEDMLLDELGFLDDPAKPLPASIPWTALWLSQAWQQRVLEEELDGLANTVLDPQPGKLPDWSPTSSRTWATKVLAAHPGDAKYALLNENPIAGETFASDKGSPLMAHTVAKAAATAAGAAGSVRQLPSVLKPPLITLRTLTLSGYRVVSLTKGIARSTIIAGALLLVLGVAAAIQSVTVFGVTGLIAAGTGGLLVVLGTWQVSGRLLFALLSFSVVGAVLALATPVVREWLFGTQQQPGWVGTHAYWLGAQWWHPLVVVGLIALVAIMIAAATPGRR,102.0,122.0,0.4,0.25,Rv3479,Mb3507,98.1,426,Mb3507_66
40,0.406,6.0,FRVLRDRLF,netmhciipan,Rv1629,1.0,LFDDLEFRVLRDRLFDTLAA,290.0,,Rv1629,904.0,MVTTASAPSEDRAKPTLMLLDGNSLAFRAFYALPAENFKTRGGLTTNAVYGFTAMLINLLRDEAPTHIAAAFDVSRQTFRLQRYPEYKANRSSTPDEFAGQIDITKEVLGALGITVLSEPGFEADDLIATLATQAENEGYRVLVVTGDRDALQLVSDDVTVLYPRKGVSELTRFTPEAVVEKYGLTPRQYPDFAALRGDPSDNLPGIPGVGEKTAAKWIAEYGSLRSLVDNVDAVRGKVGDALRANLASVVRNRELTDLVRDVPLAQTPDTLRLQPWDRDHIHRLFDDLEFRVLRDRLFDTLAAAGGPEVDEGFDVRGGALAPGTVRQWLAEHAGDGRRAGLTVVGTHLPHGGDATAMAVAAADGEGAYLDTATLTPDDDAALAAWLADPAKPKALHEAKAAVHDLAGRGWTLEGVTSDTALAAYLVRPGQRSFTLDDLSLRYLRRELRAETPQQQQLSLLDDDDTDAETIQTTILRARAVIDLADALDAELARIDSTALLGEMELPVQRVLAKMESAGIAVDLPMLTELQSQFGDQIRDAAEAAYGVIGKQINLGSPKQLQVVLFDELGMPKTKRTKTGYTTDADALQSLFDKTGHPFLQHLLAHRDVTRLKVTVDGLLQAVAADGRIHTTFNQTIAATGRLSSTEPNLQNIPIRTDAGRRIRDAFVVGDGYAELMTADYSQIEMRIMAHLSGDEGLIEAFNTGEDLHSFVASRAFGVPIDEVTGELRRRVKAMSYGLAYGLSAYGLSQQLKISTEEANEQMDAYFARFGGVRDYLRAVVERARKDGYTSTVLGRRRYLPELDSSNRQVREAAERAALNAPIQGSAADIIKVAMIQVDKALNEAQLASRMLLQVHDELLFEIAPGERERVEALVRDKMGGAYPLDVPLEVSVGYGRSWDAAAH,284.0,304.0,0.55,0.45,Rv1629,Mb1655,100.0,904,Mb1655_37
104,,5.0,FIVNGKIRF,tepitope,Rv3801c,15.0,MAYHNPFIVNGKIRFPANTN,14.0,3.4,Rv3801c,637.0,MFVTGESGMAYHNPFIVNGKIRFPANTNLVRHVEKWAKVRGDKLAYRFLDFSTERDGVARDILWSDFSARNRAVGARLQQVTQPGDRVAILCPQNLDYLISFFGALYSGRIAVPLFDPAEPGHVGRLHAVLDDCAPSTILTTTDSAEGVRKFIRARSAKERPRVIAVDAVPTEVAATWQQPEANEETVAYLQYTSGSTRIPSGVQITHLNLPTNVVQVLNALEGQEGDRGVSWLPFFHDMGLITVLLASVLGHSFTFMTPAAFVRRPGRWIRELARKPGETGGTFSAAPNFAFEHAAVRGVPRDDEPPLDLSNVKGILNGSEPVSPASMRKFFEAFAPYGLKQTAVKPSYGLAEATLFVSTTPMDEVPTVIHVDRDELNNQRFVEVAADAPNAVAQVSAGKVGVSEWAVIVDADTASELPDGQIGEIWLHGNNLGTGYWGKEEESAQTFKNILKSRISESRAEGAPDDALWVRTGDYGTYFKDHLYIAGRIKDLVIIDGRNHYPQDLECTAQESTKALRVGYAAAFSVPANQLPQTVFDDSHAGLKFDPEDTSEQLVIVGERAAGTHKLDHQPIVDDIRAAIAVGHGVTVRDVLLVSAGTIPRTSSGKIGRRACRAAYLDGSLRSGVGSPTVFATSD,8.0,28.0,0.35,0.1,Rv3801c,Mb3831c,99.8,637,Mb3831c_93
53,0.205,3.0,IEVIVRQML,netmhciipan,Rv0668,2.0,SIHDKHIEVIVRQMLRRVTI,1153.0,,Rv0668,1316.0,MLDVNFFDELRIGLATAEDIRQWSYGEVKKPETINYRTLKPEKDGLFCEKIFGPTRDWECYCGKYKRVRFKGIICERCGVEVTRAKVRRERMGHIELAAPVTHIWYFKGVPSRLGYLLDLAPKDLEKIIYFAAYVITSVDEEMRHNELSTLEAEMAVERKAVEDQRDGELEARAQKLEADLAELEAEGAKADARRKVRDGGEREMRQIRDRAQRELDRLEDIWSTFTKLAPKQLIVDENLYRELVDRYGEYFTGAMGAESIQKLIENFDIDAEAESLRDVIRNGKGQKKLRALKRLKVVAAFQQSGNSPMGMVLDAVPVIPPELRPMVQLDGGRFATSDLNDLYRRVINRNNRLKRLIDLGAPEIIVNNEKRMLQESVDALFDNGRRGRPVTGPGNRPLKSLSDLLKGKQGRFRQNLLGKRVDYSGRSVIVVGPQLKLHQCGLPKLMALELFKPFVMKRLVDLNHAQNIKSAKRMVERQRPQVWDVLEEVIAEHPVLLNRAPTLHRLGIQAFEPMLVEGKAIQLHPLVCEAFNADFDGDQMAVHLPLSAEAQAEARILMLSSNNILSPASGRPLAMPRLDMVTGLYYLTTEVPGDTGEYQPASGDHPETGVYSSPAEAIMAADRGVLSVRAKIKVRLTQLRPPVEIEAELFGHSGWQPGDAWMAETTLGRVMFNELLPLGYPFVNKQMHKKVQAAIINDLAERYPMIVVAQTVDKLKDAGFYWATRSGVTVSMADVLVPPRKKEILDHYEERADKVEKQFQRGALNHDERNEALVEIWKEATDEVGQALREHYPDDNPIITIVDSGATGNFTQTRTLAGMKGLVTNPKGEFIPRPVKSSFREGLTVLEYFINTHGARKGLADTALRTADSGYLTRRLVDVSQDVIVREHDCQTERGIVVELAERAPDGTLIRDPYIETSAYARTLGTDAVDEAGNVIVERGQDLGDPEIDALLAAGITQVKVRSVLTCATSTGVCATCYGRSMATGKLVDIGEAVGIVAAQSIGEPGTQLTMRTFHQGGVGEDITGGLPRVQELFEARVPRGKAPIADVTGRVRLEDGERFYKITIVPDDGGEEVVYDKISKRQRLRVFKHEDGSERVLSDGDHVEVGQQLMEGSADPHEVLRVQGPREVQIHLVREVQEVYRAQGVSIHDKHIEVIVRQMLRRVTIIDSGSTEFLPGSLIDRAEFEAENRRVVAEGGEPAAGRPVLMGITKASLATDSWLSAASFQETTRVLTDAAINCRSDKLNGLKENVIIGKLIPAGTGINRYRNIAVQPTEEARAAAYTIPSYEDQYYSPDFGAATGAAVPLDDYGYSDYR,1147.0,1167.0,0.4,0.35,Rv0668,Mb0687,100.0,1316,Mb0687_48
6,0.236,3.0,IAWNTNLAY,netmhciipan,Rv1680,18.0,IAGHIDIAWNTNLAYVRTVL,59.0,,Rv1680,274.0,MSTEPLVVGAVAYTPNVVPIWEGIRGYFQDSESPDTQMDFVLYSNYARLVDSLIAGHIDIAWNTNLAYVRTVLQTGGRCTPLAQRDTDVDYTTVFVAHAGSDLHGAKDIAGKRLALGSADSAHAAILPLYYLRRAGIAESDLQVIRFDTDIGKHGDTGRSELDAVDAVLAGEADVAAIGSSTWAAMGAAELMGESLTEVWRTDGYCHCMFTALDTLPAERYQPWLDRLLAMSWDDSEHRKILELEGLRRWVPPHLDGYKPLFEAVQEQGIDPRW,53.0,73.0,0.55,0.25,Rv1680,Mb1707,99.6,274,Mb1707_6
2,0.368,6.0,LRIAVANMA,netmhciipan,Rv0266c,1.0,QVAEGYLRIAVANMANAVKK,417.0,,Rv0266c,1209.0,MVGAGWHFWVDRGGTFTDVVARRPDGRLLTHKLLSDNPARYRDAAVAGIRALLANGEAGTRVDAVRMGTTVATNALLERTGERTLLVITRGFGDALRIAYQNRPRIFDRRIVLPEMLYERVVEVDERVTADGRVLRAPDLEALGEKMRQAHADGIRAVAVVCLHSYLYPGHEREIGTLAQRIGFAQISLSSEVSPLMKLVPRGDTTVVDAYLSPVLRRYINQVADQMRGVRLMFMQSNGGLAQAGHFRGKDAILSGPAGGIVGMVRMSALAGFDHVIGFDMGGTSTDVSHYAGEYERVFTTQVAGVRLRAPMLDIHTVAAGGGSILHFDGSRYRVGPDSAGADPGPACYRGGGPLCVTDANVMLGRIQPTHFPSVFGPSGDQPLDAGTVRRGFTDLAADIAARTGDDRSPEQVAEGYLRIAVANMANAVKKISVQKGHDVTRYALTTFGGAGGQHACAVADALGIRTVLIPPMAGVLSALGIGLADTTAMREQSVEIPLGPAAPQRLASVAESLERAARAELLDEGVPGERIRVVRRVHLRYEGTDTAIPVQLAEIETMATAFESSHRALYTFLLDRPLIAEAISVEATGLTDQPDLSQLGDQANDTTGSSETVRIYSNGLWRDAPLRRREAMRPGDVLTGPAIIAEANATTVVDDGWQATMTETGHLLAQRVVTPPRPDAATRAGFEAGFEADPVLLEIFNNLFMSIAEQMGFRLEATAQSVNIRERLDFSCALFDPDGNLVANAPHIPVHLGSMGTTVKEVIRRRLSGMKPGDVYAVNDPYHGGTHLPDITVITPVFNTGGEDVLFFVASRGHHAEIGGITPGSMPADSREIHEEGVLFDNWLLAENGRFREAETRRLLTEAPFGSRNPDTNLADLRAQIAANQKGVDEVGKMIDHFGRDVVAAYMRHVQDNAEEAVRRVIDRLDNGAYRYRMDSGATIAVRITVDRAARSATIDFTGTSAQLDTNFNAPTSVVNAAVLYVFRTLVADDIPLNDGCLRPLRIVVPEGSMLAPTHPAAVVAGNVETSQAITGALFAALGVQAEGSGTMNNVTFGNERHQYYETVGSGSGAGDGYHGASVVQTHMTNSRLTDPEVLEWRYPVLLREFAVRQGSGGAGRWRGGDGAVRRLEFTEPMTVSTLSGHRRVRPYGMAGGSPGELGRNRVERADGSTVELAGCGSTHVEPGDTLVIETPGGGGYGPASTSARRRR,411.0,431.0,0.5,0.25,Rv0266c,Mb0272c,100.0,1209,Mb0272c_2
31,0.338,4.0,GLVFARKVR,netmhciipan,Rv2159c,1.0,LMRRAGGLVFARKVRAEHRP,181.0,,Rv2159c,344.0,MKFVNHIEPVAPRRAGGAVAEVYAEARREFGRLPEPLAMLSPDEGLLTAGWATLRETLLVGQVPRGRKEAVAAAVAASLRCPWCVDAHTTMLYAAGQTDTAAAILAGTAPAAGDPNAPYVAWAAGTGTPAGPPAPFGPDVAAEYLGTAVQFHFIARLVLVLLDETFLPGGPRAQQLMRRAGGLVFARKVRAEHRPGRSTRRLEPRTLPDDLAWATPSEPIATAFAALSHHLDTAPHLPPPTRQVVRRVVGSWHGEPMPMSSRWTNEHTAELPADLHAPTRLALLTGLAPHQVTDDDVAAARSLLDTDAALVGALAWAAFTAARRIGTWIGAAAEGQVSRQNPTG,175.0,195.0,0.4,0.45,Rv2159c,Mb2183c,100.0,344,Mb2183c_28
61,,4.0,VVADVADTQ,tepitope,Rv2911,13.0,LDLNSTVVADVADTQAECNC,88.0,3.6,Rv2911,291.0,MRKLMTATAALCACAVTVSAGAAWADADVQPAGSVPIPDGPAQTWIVADLDSGQVLAGRDQNVAHPPASTIKVLLALVALDELDLNSTVVADVADTQAECNCVGVKPGRSYTARQLLDGLLLVSGNDAANTLAHMLGGQDVTVAKMNAKAATLGATSTHATTPSGLDGPGGSGASTAHDLVVIFRAAMANPVFAQITAEPSAMFPSDNGEQLIVNQDELLQRYPGAIGGKTGYTNAARKTFVGAAARGGRRLVIAMMYGLVKEGGPTYWDQAATLFDWGFALNPQASVGSL,82.0,102.0,0.4,0.25,Rv2911,Mb2935,100.0,291,Mb2935_56
0,0.338,3.0,LRHPVRSRL,netmhciipan,Rv3779,4.0,WWLFEALRHPVRSRLADLLT,320.0,,Rv3779,666.0,MGLWFGTLIALILLIAPGAMVARIAQLRWPVAIAVGPALTYGVVALAIIPYGALGIPWNGWTALAALAVTCAVATGLQLLLARFRDLDAEALAVSRWPAVTVAAGVLLGALLIGWAAYRGIPHWQSIPSTWDAVWHANTVRFILDTGQASSTHMGELRNVETHAPLYYPSVFHGLVAVFCQLTGAAPTTGYTLSSLAASVWLFPVSAAVLTWRAVRSHPGALWSASCASAEWRAAGAAGTAAALSASFTAVPYVEFDTAAMPNLAAYGIAVPTMVLITSTLRHRDRIPVAVLALVGVFSLHITGGIVVALLVSAWWLFEALRHPVRSRLADLLTLAGVAAMAGLVMLPQFLSVRQQEDIIAGHAFPTYLSKKRGLFDAVFQHSRHLNDFPVQYALIVLAAIGGLILLVKKIWWPLAVWLLLIVMNVDAGTPLGGPIGGVAGALGEFFYHDPRRIAAATTLLLMLMAGVALFATVMLLVAAAKRLTDRFRPQPVSVWASATATLLIGATLVSAWHYFPRHRFLFGDKYDSVMIDQKDLDAMAYLASLPGARDTLIGNANTDGTAWMYAVAGLHPLWTHYDYPLQQGPGYHRFIFWAYGRNGESDPRVLEAIQVLRIRYILTSTPTVRGFAVPDGLVSLETSRSWAKIYDNGEARIYEWRGTAAATHS,314.0,334.0,0.55,0.45,Rv3779,Mb3808,100.0,666,Mb3808_1
52,0.218,3.0,KVIADIPVQ,netmhciipan,Rv2048c,1.0,DRAALAKVIADIPVQHPLSG,3779.0,,Rv2048c,4151.0,MVDQLQHATEALRKALVQVERLKRTNRALLERSSEPIAIVGMSCRFPGGVDSPEGLWQMVADARDVMSEFPTDRGWDLAGLFDPDPDVRHKSYARTGGFVDGVADFDPAFFGISPSEALAMDPQHRMLLELSWEALERAGIDPTGLRGSATGVFAGLIVGGYGMLAEEIEGYRLTGMTSSVASGRVAYVLGLEGPAVSVDTACSSSLVALHMAVGSLRSGECDLALAGGVTVNATPTVFVEFSRHRGLAPDGRCKPYAGRADGVGWSEGGGMLVLQRLSDARRLGHPVLAVVVGSAVNQDGASNGLTAPNGPSQQRVVRAALANAGLSAAEVDVVEGHGTGTTLGDPIEAQALLATYGQDRGEPGEPLWLGSVKSNMGHTQAAAGVAGVIKMVLAMRHELLPATLHVDVPSPHVDWSAGAVELLTAPRVWPAGARTRRAGVSSFGISGTNAHVIIEAVPVVPRREAGWAGPVVPWVVSAKSESALRGQAARLAAYVRGDDGLDVADVGWSLAGRSVFEHRAVVVGGDRDRLLAGLDELAGDQLGGSVVRGTATAAGKTVFVFPGQGSQWLGMGIELLDTAPAFAQQIDACAEAFAEFVDWSLVDVLRGAPGAPGLDRVDVVQPVLFAVMVSLAELWKSVAVHPDAVIGHSQGEIAAAYVAGALSLRDAARVVTLRSKLLAGLAGPGGMVSIACGADQARDLLAPFGDRVSIAVVNGPSAVVVSGEVGALEELIAVCSTKELRTRRIEVDYASHSVEVEAIRGPLAEALSGIEPRSTRTVFFSTVTGNRLDTAGLDADYWYRNVRQTVLFDQAVRNACEQGYRTFIESSPHPALITGVEETFAACTDGDSEAIVVPTLGRGDGGLHRFLLSAASAFVAGVAVNWRGTLDGAGYVELPTYAFDKRRFWLSAEGSGADVSGLGLGASEHPLLGAVVDLPASGGVVLTGRLSPNVQPWLADHAVSDVVLFPGTGFVELAIRAGDEVGCSVLDELTLAAPLLLPATGSVAVQVVVDAGRDSNSRGVSIFSRADAQAGWLLHAEGILRPGSVEPGADLSVWPPAGAVTVDVADGYERLATRGYRYGPAFRGLTAMWARGEEIFAEVRLPEAAGGVGGFGVHPALLDAVLHAVVIAGDPDELALPFAWQGVSLHATGASAVRARIAPAGPSAVSVELADGLGLPVLSVASMVARPVTERQLLAAVSGSGPDRLFEVIWSPASAATSPGPTPAYQIFESVAADQDPVAGSYVRSHQALAAVQSWLTDHESGVLVVATRGAMALPREDVADLAGAAVWGLVRSAQTEHPGRIVLVDSDAATDDAAIAMALATGEPQVVLRGGQVYTARVRGSRAADAILVPPGDGPWRLGLGSAGTFENLRLEPVPNADAPLGPGQVRVAMRAIAANFRDIMITLGMFTHDALLGGEGAGVVVEVGPGVTEFSVGDSVFGFFPDGSGTLVAGDVRLLLPMPADWSYAEAAAISAVFTTAYYAFIHLADVQPGQRVLIHAGTGGVGMAAVQLARHLGLEVFATASKGKWDTLRAMGFDDDHISDSRSLEFEDKFRAATGGRGFDVVLDSLAGEFVDASLRLVAPGGVFLEMGKTDIRDPGVIAQQYPGVRYRAFDLFEPGRPRMHQYMLELATLFGDGVLRPLPVTTFDVRRAPAALRYLSQARHTGKVVMLMPGSWAAGTVLITGGTGMAGSAVARHVVARHGVRNLVLVSRRGPDAPGAAELVAELAAAGAQVQVVACDAADRAALAKVIADIPVQHPLSGVIHTAGALDDAVVMSLTPDRVDVVLRSKVDAAWHLHELTRDLDVSAFVMFSSMAGLVGSSGQANYAAANSFLDALAAHRRAHGLPAISLGWGLWDQASAMTGGLDAADLARLGREGVLALSTAEALELFDTAMIVDEPFLAPARIDLTALRAHAVAVPPMFSDLASAPTRRQVDDSVAAAKSKSALAHRLHGLPEAEQHAVLLGLVRLHIATVLGNITPEAIDPDKAFQDLGFDSLTAVEMRNRLKSATGLSLSPTLIFDYPTPNRLASYIRTELAGLPQEIKHTPAVRTTSEDPIAIVGMACRYPGGVNSPDDMWDMLIQGRDVLSEFPADRGWDLAGLYNPDPDAAGACYTRTGGFVDGVGDFDPAFFGVGPSEALAMDPQHRMLLELSWEALERAGIDPTGLRGSATGVFAGVMTQGYGMFAAEPVEGFRLTGQLSSVASGRVAYVLGLEGPAVSVDTACSSSLVALHMAVGSLRSGECDLALAGGVTVNATPDIFVEFSRWRGLSPDGRCKAFAAAADGTGFSEGGGMLVLQRLSDARRLGHPVLAVVVGSAVNQDGASNGLTAPNGPSQQRVVRAALANAGLSAAEVDVVEGHGTGTTLGDPIEAQALLATYGQDRGEPGEPLWLGSVKSNMGHTQAAAGVAGVIKMVLAMRHELLPATLHVDVPSPHVDWSAGAVELLTAPRVWPAGARTRRAGVSSFGISGTNAHVIIEAVPVVPRREAGWAGPVVPWVVSAKSESALRGQAARLAAYVRGDDGLDVADVGWSLAGRSVFEHRAVVVGGDRDRLLAGLDELAGDQLGGSVVRGTATAAGKTVFVFPGQGSQWLGMGMGLHAGYPVFAEAFNTVVGELDRHLLRPLREVMWGHDENLLNSTEFAQPALFAVEVALFRLLGSWGVRPDFVMGHSIGELSAAHVAGVLSLENAAVLVAARGRLMQALPAGGAMVAVQAAEEEVRPLLSAEVDIAAVNGPASLVISGAQNAVAAVADQLRADGRRVHQLAVSHAFHSPLMDPMIDEFAAVAAGIAIGRPTIGVISNVTGQLAGDDFGSAAYWRRHIRQAVRFADSVRFAQAAGGSRFLEVGPSGGLVASIEESLPDVAVTTMSALRKDRPEPATLTNAVAQGFVTGMDLDWRAVVGEAQFVELPTYAFQRRRFWLSGDGVAADAAGLGLAASEHALLGAVIDLPASGGVVLTGRLSPSVQGWLADHSVAGVTIFPGAGFVELAIRAGDEVGCGVVDELTLAAPLVLPASGSVAVQVVVNGPDESGVRGVSVYSRGDVGTGWVLHAEGALRAGSAEPTADLAMWPPAGAVPVEVADGYQQLAERGYGYGPAFRGLTAMWRRGDEVFAEVALPADAGVSVTGFGVHPVLLDAALHAVVLSAESAERGQGSVLVPFSWQGVSLHAAGASAVRARIAPVGPSAVSIELADGLGLPVLSVASMLARPVTDQQLRAAVSSSGPDRLFEVTWSPQPSAAVEPLPVCAWGTTEDSAAVVFESVPLAGDVVAGVYAATSSVLDVLQSWLTRDGAGVLVVMTRGAVALPGEDVTDLAGAAVWGLVRSAQTEHPGRIVLVDSDAPLDDSALAAVVTTGEPQVLWRRGEVYTARVHGSRAVGGLLVPPSDRPWRLAMSTAGTFENLRLELIPDADAPLGPGQVRVAVSAIAANFRDVMIALGLYPDPDAVMGVEACGVVIETSLNKGSFAVGDRVMGLFPEGTGTVASTDQRLLVKVPAGWSHTAAATTSVVFATAHYALVDLAAARSGQRVLIHAGTGGVGMAAVQLARHLGLEVFATASKGKWDTLRAMGFDDDHISDSRSLEFEDKFRAATGGRGFDVVLDSLAGEFVDASLRLVAPGGVFLEMGKTDIRDPGVIAQQYPGVRYRAFDLFEPGPDRIAQILAELATLFGDGVLRPLPVTTFDVRCAPAALRYLSQARHTGKVVMLMPGSWAAGTVLITGGTGMAGSAVARHVVARHGVRNLVLVSRRGPDAPGAAELVAELAAAGAQVQVVACDAADRAALAKVIADIPVQHPLSGVIHTAGALDDAVVMSLTPDRVDVVLRSKVDAAWHLHELTRDLDVSAFVMFSSMAGLVGSSGQANYAAANSFLDALAAHRRAHGLPAISLGWGLWDQASAMTGGLATVDFKRFARDGIVAMSSADALQLFDTAMIVDEPFMLPAHIDFAALKVKFDGGTLPPMFVDLINAPTRRQVDDSLAAAKSKSALLQRLEGLPEDEQHAVLLDLVRSHIATVLGSASPEAIDPDRAFQELGFDSLTAVEMRNRLKSATGLALSPTLIFDYPNSAALAGYMRRELLGSSPQDTSAVAAGEAELQRIVASIPVKRLRQAGVLDLLLALANETETSGQDPALAPTAEQEIADMDLDDLVNAAFRNDDE,3773.0,3793.0,0.5,0.25,Rv2048c,Mb2074c,99.4,4151,Mb2074c_47
48,0.411,4.0,LFFVAREAR,netmhciipan,Rv2201,1.0,DPALVPLFFVAREARKHVKV,365.0,,Rv2201,652.0,MCGLLAFVAAPAGAAGPEGADAASAIARASHLMRHRGPDESGTWHAVDGASGGVVFGFNRLSIIDIAHSHQPLRWGPPEAPDRYVLVFNGEIYNYLELRDELRTQHGAVFATDGDGEAILAGYHHWGTEVLQRLRGMFAFALWDTVTRELFCARDPFGIKPLFIATGAGGTAVASEKKCLLDLVELVGFDTEIDHRALQHYTVLQYVPEPETLHRGVRRLESGCFARIRADQLAPVITRYFVPRFAASPITNDNDQARYDEITAVLEDSVAKHMRADVTVGAFLSGGIDSTAIAALAIRHNPRLITFTTGFEREGFSEIDVAVASAEAIGARHIAKVVSADEFVAALPEIVWYLDEPVADPALVPLFFVAREARKHVKVVLSGEGADELFGGYTIYREPLSLRPFDYLPKPLRRSMGKVSKPLPEGMRGKSLLHRGSLTLEERYYGNARSFSGAQLREVLPGFRPDWTHTDVTAPVYAESAGWDPVARMQHIDLFTWLRGDILVKADKITMANSLELRVPFLDPEVFAVASRLPAGAKITRTTTKYALRRALEPIVPAHVLHRPKLGFPVPIRHWLRAGELLEWAYATVGSSQAGHLVDIAAVYRMLDEHRCGSSDHSRRLWTMLIFMLWHAIFVEHSVVPQISEPQYPVQL,359.0,379.0,0.55,0.4,Rv2201,Mb2224,100.0,652,Mb2224_43
12,0.13699999999999998,3.0,EYLQDLTLR,netmhciipan,Rv3270,1.0,WLLNIGEYLQDLTLRRTRRA,186.0,,Rv3270,718.0,MTLEVVSDAAGRMRVKVDWVRCDSRRAVAVEEAVAKQNGVRVVHAYPRTGSVVVWYSPRRADRAAVLAAIKGAAHVAAELIPARAPHSAEIRNTDVLRMVIGGVALALLGVRRYVFARPPLLGTTGRTVATGVTIFTGYPFLRGALRSLRSGKAGTDALVSAATVASLILRENVVALTVLWLLNIGEYLQDLTLRRTRRAISELLRGNQDTAWVRLTDPSAGSDAATEIQVPIDTVQIGDEVVVHEHVAIPVDGEVVDGEAIVNQSAITGENLPVSVVVGTRVHAGSVVVRGRVVVRAHAVGNQTTIGRIISRVEEAQLDRAPIQTVGENFSRRFVPTSFIVSAIALLITGDVRRAMTMLLIACPCAVGLSTPTAISAAIGNGARRGILIKGGSHLEQAGRVDAIVFDKTGTLTVGRPVVTNIVAMHKDWEPEQVLAYAASSEIHSRHPLAEAVIRSTEERRISIPPHEECEVLVGLGMRTWADGRTLLLGSPSLLRAEKVRVSKKASEWVDKLRRQAETPLLLAVDGTLVGLISLRDEVRPEAAQVLTKLRANGIRRIVMLTGDHPEIAQVVADELGIDEWRAEVMPEDKLAAVRELQDDGYVVGMVGDGINDAPALAAADIGIAMGLAGTDVAVETADVALANDDLHRLLDVGDLGERAVDVIRQNYGMSIAVNAAGLLIGAGGALSPVLAAILHNASSVAVVANSSRLIRYRLDR,180.0,200.0,0.4,0.45,Rv3270,Mb3298,100.0,718,Mb3298_10
26,0.209,3.0,VVVIDVSGQ,netmhciipan,Rv2420c,1.0,AKLADDVVVIDVSGQLVITD,25.0,,Rv2420c,126.0,MTANREAIDMARVAAGAAAAKLADDVVVIDVSGQLVITDCFVIASGSNERQVNAIVDEVEEKMRQAGYRPARREGAREGRWTLLDYRDIVVHIQHQDDRNFYALDRLWGDCPVVPVDLSANSAGAQ,19.0,39.0,0.55,0.35,Rv2420c,Mb2443c,100.0,126,Mb2443c_24
88,,4.0,IVVVCPPRA,tepitope,Rv2933,1.0,RTSWDGIVVVCPPRANDESM,1299.0,3.8,Rv2933,2188.0,MTAATPDRRAIITEALHKIDDLTARLEIAEKSSSEPIAVIGMGCRFPGGVNNPEQFWDLLCAGRSGIVRVPAQRWDADAYYCDDHTVPGTICSTEGGFLTSWQPDEFDAEFFSISPREAAAMDPQQRLLIEVAWEALEDAGVPQHTIRGTQTSVFVGVTAYDYMLTLAGRLRPVDLDAYIPTGNSANFAAGRLAYILGARGPAVVIDTACSSSLVAVHLACQSLRGRESDMALVGGTNLLLSPGPSIACSRWGMLSPEGRCKTFDASADGYVRGEGAAVVVLKRLDDAVRDGNRILAVVRGSAVNQDGASSGVTVPNGPAQQALLAKALTSSKLTAADIDYVEAHGTGTPLGDPIELDSLSKVFSDRAGSDQLVIGSVKTNLGHLEAAAGVAGLMKAVLAVHNGYIPRHLNFHQLTPHASEAASRLRIAADGIDWPTTGRPRRAGVSSFGVSGTNAHVVIEQAPDPMAAAGTEPQRGPVPAVSTLVVFGKTAPRVAATASVLADWLDGPGAAVPLADVAHTLNHHRARQTRFGTVAAVDRRQAVIGLRALAAGQSAPGVVAPREGSIGGGTVFVYSGRGSQWAGMGRQLLADEPAFAAAIAELEPEFVAQGGFSLRDVIAGGKELVGIEQIQLGLIGMQLALTALWRSYGVTPDAVIGHSMGEVAAAVVAGALTPAQGLRVTAVRSRLMAPLSGQGTMALLELDAEATEALIADYPEVSLGIYASPRQTVISGPPLLIDELIDKVRQQNGFATRVNIEVAPHNPAMDALQPAMRSELADLTPQPPTIPIISTTYADLGISLGSGPRFDAEHWATNMRNPVRFHQAIAHAGADHHTFIEISAHPLLTHSISDTLRASYDVDNYLSIGTLQRDAHDTLEFHTNLNTTHTTHPPQTPHPPEPHPVLPTTPWQHTQHWITATSAAYHRPDTHPLLGVGVTDPTNGTRVWESELDPDLLWLADHVIDDLVVLPGAAYAEIALAAATDTFAVEQDQPWMISELDLRQMLHVTPGTVLVTTLTGDEQRCQVEIRTRSGSSGWTTHATATVARAEPLAPLDHEGQRREVTTADLEDQLDPDDLYQRLRGAGQQHGPAFQGIVGLAVTQAGVARAQVRLPASARTGSREFMLHPVMMDIALQTLGATRTATDLAGGQDARQGPSSNSALVVPVRFAGVHVYGDITRGVRAVGSLAAAGDRLVGEVVLTDANGQPLLVVDEVEMAVLGSGSGATELTNRLFMLEWEPAPLEKTAEATGALLLIGDPAAGDPLLPALQSSLRDRITDLELASAADEATLRAAISRTSWDGIVVVCPPRANDESMPDEAQLELARTRTLLVASVVETVTRMGARKSPRLWIVTRGAAQFDAGESVTLAQTGLRGIARVLTFEHSELNTTLVDIEPDGTGSLAALAEELLAGSEADEVALRDGQRYVNRLVPAPTTTSGDLAAEARHQVVNLDSSGASRAAVRLQIDQPGRLDALNVHEVKRGRPQGDQVEVRVVAAGLNFSDVLKAMGVYPGLDGAAPVIGGECVGYVTAIGDEVDGVEVGQRVIAFGPGTFGTHLGTIADLVVPIPDTLADNEAATFGVAYLTAWHSLCEVGRLSPGERVLIHSATGGVGMAAVSIAKMIGARIYTTAGSDAKREMLSRLGVEYVGDSRSVDFADEILELTDGYGVDVVLNSLAGEAIQRGVQILAPGGRFIELGKKDVYADASLGLAALAKSASFSVVDLDLNLKLQPARYRQLLQHILQHVADGKLEVLPVTAFSLHDAADAFRLMASGKHTGKIVISIPQHGSIEAIAAPPPLPLVSRDGGYLIVGGMGGLGFVVARWLAEQGAGLIVLNGRSAPSDEVAAAIAELNASGSRIEVITGDITEPDTAERLVRAVEDAGFRLAGVVHSAMVLADEIVLNMTDSAARRVFAPKVTGSWRLHVATAARDVDWWLTFSSAAALLGTPGQGAYAAANSWVDGLVAHRRSAGLPAVGINWGPWADVGRAQFFKDLGVEMINAEQGLAAMQAVLTADRGRTGVFSLDARQWFQSFPAVAGSSLFAKLHDSAARKSGQRRGGGAIRAQLDALDAAERPGHLASAIADEIRAVLRSGDPIDHHRPLETLGLDSLMGLELRNRLEASLGITLPVALVWAYPTISDLATALCERMDYATPAAAQEISDTEPELSDEEMDLLADLVDASELEAATRGES,1293.0,1313.0,0.3,0.25,Rv2933,Mb2958,100.0,2188,Mb2958_80
42,0.28300000000000003,5.0,YRTFEPALR,netmhciipan,Rv3151,38.0,VNWEGRYRTFEPALRGSTLQ,631.0,,Rv3151,806.0,MTQAADTDIRVGQPEMVTLTIDGVEISVPKGTLVIRAAELMGIQIPRFCDHPLLEPVGACRQCLVEVEGQRKPLASCTTVATDDMVVRTQLTSEIADKAQHGVMELLLINHPLDCPMCDKGGECPLQNQAMSNGRTDSRFTEAKRTFAKPINISAQVLLDRERCILCARCTRFSDQIAGDPFIDMQERGALQQVGIYADEPFESYFSGNTVQICPVGALTGTAYRFRARPFDLVSSPSVCEHCASGCAQRTDHRRGKVLRRLAGDDPEVNEEWNCDKGRWAFTYATQPDVITTPLIRDGGDPKGALVPTSWSHAMAVAAQGLAAARGRTGVLVGGRVTWEDAYAYAKFARITLGTNDIDFRARPHSAEEADFLAARIAGRHMAVSYADLESAPVVLLVGFEPEDESPIVFLRLRKAARRHRVPVYTIAPFATGGLHKMSGRLIKTVPGGEPAALDDLATGAVGDLLATPGAVIIVGERLATVPGGLSAAARLADTTGARLAWVPRRAGERGALEAGALPTLLPGGRPLADEVARAQVCAAWHIAELPAAAGRDADGILAAAADETLAALLVGGIEPADFADPDAVLAALDATGFVVSLELRHSTVTERADVVFPVAPTTQKAGAFVNWEGRYRTFEPALRGSTLQAGQSDHRVLDALADDMGVHLGVPTVEAAREELAALGIWDGKHAAGPHIAATGPTQPEAGEAILTGWRMLLDEGRLQDGEPYLAGTARTPVVRLSPDTAAEIGAADGEAVTVSTSRGSITLPCSVTDMPDRVVWLPLNSAGSTVHRQLRVTIGSIVKIGAGS,625.0,645.0,0.3,0.3,Rv3151,Mb3175,99.8,806,Mb3175_39
76,,3.0,LVWRRRASE,tepitope,Rv3782,16.0,FPLRRGLVWRRRASELRTEA,139.0,5.7,Rv3782,304.0,MTESVFAVVVTHRRPDELAKSLDVLTAQTRLPDHLIVVDNDGCGDSPVRELVAGQPIATTYLGSRRNLGGAGGFALGMLHALAQGADWVWLADDDGHAQDARVLATLLACAEKYSLAEVSPMVCNIDDPTRLAFPLRRGLVWRRRASELRTEAGQELLPGIASLFNGALFRASTLAAIGVPDLRLFIRGDEVEMHRRLIRSGLPFGTCLDAAYLHPCGSDEFKPILCGRMHAQYPDDPGKRFFTYRNRGYVLSQPGLRKLLAQEWLRFGWFFLVTRRDPKGLWEWIRLRRLGRREKFGKPGGSA,133.0,153.0,0.4,0.5,Rv3782,Mb3811,100.0,304,Mb3811_70
21,,4.0,VRRAAPFAT,tepitope,Rv3296,33.0,DAWFDTVRRAAPFATLPRSL,467.0,3.4000000000000004,Rv3296,1513.0,MRFAQPSALSRFSALTRDWFTSTFAAPTAAQASAWAAIADGDNTLVIAPTGSGKTLAAFLWALDSLAGSEPMSERPAATRVLYVSPLKALAVDVERNLRTPLAGLTRLAERQGLPAPQIRVGVRSGDTPPALRRQLVSQPPDVLITTPESLFLMLTSAARQTLTGVQTVIIDEIHAIAATKRGAHLALSLERLDDLSSRRRAQRIGLSATVRPPEELARFLSGQSPTTIVAPPAAKTVELSVQVPVPDMANLTDNTIWPDVEARLVDLIESHNSTIVFANSRRLAERLTARLNEIHAARCGIELAPDTNQQVAGGAPAHIMGSGQTFGAPPVLARAHHGSISKEQRAVVEEDLKRGQLKAVVATSSLELGIDMGAVDLVIQVQAPPSVASGLQRIGRAGHQVGEISRGVLFPKHRTDLLGCAVSVQRMLAGEIETMRVPANPLDILAQHTVAAAALEPLDADAWFDTVRRAAPFATLPRSLFEATLDLLSGKYPSTEFAELRPRLVYDRDTGTLTARPGAQRLAVTSGGAIPDRGLFAVYLATERPSRVGELDEEMVYESRPGDVISLGATSWRITEITHDRVLVIPAPGQPARLPFWRGDDAGRPAELGAALGALTGELAALDRTAFGTRCAGLGFDDYATDNLWRLLDDQRTATAVVPTDSTLLVERFRDELGDWRVILHSPYGLRVHGPLALAVGRRLRDRYGIDEKPTASDNGIVVRLPDTVSAGEDSPPGAELFVFDADEIDPIVTTEVAGSALFASRFRESAARALLLPRRHPGRRSPLWQQRQRAARLLEVARKYPDFPIVLETVRECLQDVYDVPILVELMARIAQRRVRVAEAETAKPSPFAASLLFGYVGAFMYEGDTPLAERRAAALALDGTLLAELLGRVELRELLDPDVIAATSRQLQHLAADRVARDAEGVADLLRLLGPLTEDEIAARAGAPEVSGWLDGLRAAKRALVVSFAGRSWWVAVEDMGRLRDGVGAAVPVGLPASFTEAVADPLGELLGRYARTHTPFTTAAAAARFGLGLRVTADVLGRLASDGRLVRGEFVAAAKGSAGGEQWCDAEVLRILRRRSLAALRAQAEPVSTAAYGRFLPAWQHVSAGNSGIDGLAAVIDQLAGVRIPASAIEPLVLAPRIRDYSPAMLDELLASGDVTWSGAGSISGSDGWIALHPADSAPMTLAEPAEIDFTDAHRAILASLGTGGAYFFRQLTHDGLTEAELKAALWELIWAGRVTGDTFAPVRAVLGGAGTRKRAAPAHGGHRPPRLSRYRLTHAQARNADPTVAGRWSALPLPEPDSTLRAHYQAELLLNRHGVLTKDAVAAEGVAGGFATLYKVLSAFEDAGRCQRGYFIESLGGAQFAVASTVDRLRSYLDGVDPEQPDYHAVVLAAADPANPYGAALPWPASSADGTARPGRKAGALVVLVDGELAWFLERGGRSLLTFTDDPEANHAAAIGLADLVTAGRVASILVERADGMPVLQPGGRASAALTALLAAGFVRTPRGLRRR,461.0,481.0,0.5,0.3,Rv3296,Mb3324,99.8,1513,Mb3324_19
35,0.334,6.0,NVKVNRLRR,netmhciipan,Rv1751,1.0,DEVKHLNVKVNRLRRWHIDG,317.0,,Rv1751,460.0,MIATMPSMARRSRHDNKITTPAVDCLTIERLDSPASGAPQVTPYARALMGETTTCAIIGGGPAGMVLGLLLARAGVQVTLLEKHGDFLRDFRGDTVHPTTMRLLDELGLWERFAALPYSEVRTATLHSNGRAVTYIDFERLHQPYPYVAMVPQWDLLNLLAEAAQAEPSFTLRMKTEVTGLLREGGKVTGVRYQGAEGPGELRAELTVACDGRWSIARHEAGLKAREFPVNFDVWWFKLPREGDAEFSFLPRFSPGKGLGVIPREGYFQIAYLGPKGTDAQLRERGIEEFRRDVSELLPEATASVAALASMDEVKHLNVKVNRLRRWHIDGLLCIGDAAHAMSPVAGVGINLAVQDAVAAATILAEPLREHRVSSRHLAAVRRRRAFPTAVTQAVQRVLHRRLLGPLLQGRDPTPPAALLGLVERLPWLSAVPAYFVGVGVRPEHAPAFARRGPGNRKGP,311.0,331.0,0.35,0.4,Rv1751,Mb1780,99.8,460,Mb1780_32
99,,7.0,LVRSGVAPD,tepitope,Rv3106,9.0,LPTPWGLVRSGVAPDHPKIK,47.0,4.1000000000000005,Rv3106,456.0,MRPYYIAIVGSGPSAFFAAASLLKAADTTEDLDMAVDMLEMLPTPWGLVRSGVAPDHPKIKSISKQFEKTAEDPRFRFFGNVVVGEHVQPGELSERYDAVIYAVGAQSDRMLNIPGEDLPGSIAAVDFVGWYNAHPHFEQVSPDLSGARAVVIGNGNVALDVARILLTDPDVLARTDIADHALESLRPRGIQEVVIVGRRGPLQAAFTTLELRELADLDGVDVVIDPAELDGITDEDAAAVGKVCKQNIKVLRGYADREPRPGHRRMVFRFLTSPIEIKGKRKVERIVLGRNELVSDGSGRVAAKDTGEREELPAQLVVRSVGYRGVPTPGLPFDDQSGTIPNVGGRINGSPNEYVVGWIKRGPTGVIGTNKKDAQDTVDTLIKNLGNAKEGAECKSFPEDHADQVADWLAARQPKLVTSAHWQVIDAFERAAGEPHGRPRVKLASLAELLRIGLG,41.0,61.0,0.35,0.25,Rv3106,Mb3133,99.6,456,Mb3133_88
50,0.368,3.0,VLFFRWGQH,netmhciipan,Rv1955,18.0,ANNHFRVLFFRWGQHPVALT,77.0,,Rv1955,125.0,MPPPDPAAMGTWKFFRASVDGRPVFKKEFDKLPDQARAALIVLMQRYLVGDLAAGSIKPIRGDILELRWHEANNHFRVLFFRWGQHPVALTAFYKNQQKTPKTKIETALDRQKIWKRAFGDTPPI,71.0,91.0,0.5,0.3,Rv1955,Mb1990,100.0,125,Mb1990_45
60,,5.0,IRPSPTSGT,tepitope,Rv1496,18.0,VHPNAYIRPSPTSGTLGGVT,122.0,3.5700000000000003,Rv1496,334.0,MMAASHDDDTVDGLATAVRGGDRAALPRAITLVESTRPDHREQAQQLLLRLLPDSGNAHRVGITGVPGVGKSTAIEALGMHLIERGHRVAVLAVDPSSTRTGGSILGDKTRMARLAVHPNAYIRPSPTSGTLGGVTRATRETVVLLEAAGFDVILIETVGVGQSEVAVANMVDTFVLLTLARTGDQLQGIKKGVLELADIVVVNKADGEHHKEARLAARELSAAIRLIYPREALWRPPVLTMSAVEGRGLAELWDTVERHRQVLTGAGEFDARRRDQQVDWTWQLVRDAVLDRVWSNPTVRKVRSELERRVRAGELTPALAAQQILEIANLTDR,116.0,136.0,0.25,0.2,Rv1496,Mb1533,100.0,334,Mb1533_55
30,0.242,3.0,LMASPILRG,netmhciipan,Rv1536,1.0,DAMRWFLMASPILRGGNLIV,645.0,,Rv1536,1041.0,MTDNAYPKLAGGAPDLPALELEVLDYWSRDDTFRASIARRDGAPEYVFYDGPPFANGLPHYGHLLTGYVKDIVPRYRTMRGYKVERRFGWDTHGLPAELEVERQLGITDKSQIEAMGIAAFNDACRASVLRYTDEWQAYVTRQARWVDFDNDYKTLDLAYMESVIWAFKQLWDKGLAYEGYRVLPYCWRDETPLSNHELRMDDDVYQSRQDPAVTVGFKVVGGQPDNGLDGAYLLVWTTTPWTLPSNLAVAVSPDITYVQVQAGDRRFVLAEARLAAYARELGEEPVVLGTYRGAELLGTRYLPPFAYFMDWPNAFQVLAGDFVTTDDGTGIVHMAPAYGEDDMVVAEAVGIAPVTPVDSKGRFDVTVADYQGQHVFDANAQIVRDLKTQSGPAAVNGPVLIRHETYEHPYPHCWRCRNPLIYRSVSSWFVRVTDFRDRMVELNQQITWYPEHVKDGQFGKWLQGARDWSISRNRYWGTPIPVWKSDDPAYPRIDVYGSLDELERDFGVRPANLHRPYIDELTRPNPDDPTGRSTMRRIPDVLDVWFDSGSMPYAQVHYPFENLDWFQGHYPGDFIVEYIGQTRGWFYTLHVLATALFDRPAFKTCVAHGIVLGFDGQKMSKSLRNYPDVTEVFDRDGSDAMRWFLMASPILRGGNLIVTEQGIRDGVRQVLLPLWNTYSFLALYAPKVGTWRVDSVHVLDRYILAKLAVLRDDLSESMEVYDIPGACEHLRQFTEALTNWYVRRSRSRFWAEDADAIDTLHTVLEVTTRLAAPLLPLITEIIWRGLTRERSVHLTDWPAPDLLPSDADLVAAMDQVRDVCSAASSLRKAKKLRVRLPLPKLIVAVENPQLLRPFVDLIGDELNVKQVELTDAIDTYGRFELTVNARVAGPRLGKDVQAAIKAVKAGDGVINPDGTLLAGPAVLTPDEYNSRLVAADPESTAALPDGAGLVVLDGTVTAELEAEGWAKDRIRELQELRKSTGLDVSDRIRVVMSVPAEREDWARTHRDLIAGEILATDFEFADLADGVAIGDGVRVSIEKT,639.0,659.0,0.5,0.3,Rv1536,Mb1563,99.9,1041,Mb1563_27
107,,6.0,VVTAVVTVC,tepitope,Rv3887c,8.0,KRWQTAVVTAVVTVCGILAA,250.0,3.20986,Rv3887c,509.0,MTAPHKVAFPARCAVNICYDKHLCSQVFPAGIPVEGFFEGMVELFDADLKRKGFDGVALPAGSYELHKINGVRLDINKSLDELGVQDGDTLVLVPRVAGESFEPQYESLSTGLAAMGKWLGRDGGDRMFAPVTSLTAAHTAMAIIAMAVGVVLALTLRTRTITDSPVPAAMAGGIGVLLVIGALVVWWGWRERRDLFSGFGWLAVVLLAVAAACAPPGALGAAHALIGLVVVVLGAITIGVATRKRWQTAVVTAVVTVCGILAAVAAVRMFRPVSMQVLAICVLVGLLVLIRMTPTVALWVARVRPPHFGSITGRDLFARRAGMPVDTVAPVSEADADDEDNELTDITARGTAIAASARLVNAVQVGMCVGVSLVLPAAVWGVLTPRQPWAWLALLVAGLTVGLFITQGRGFAAKYQAVALVCGASAAVCAGVLKYALDTPKGVQTGLLWPAIFVAAFAALGLAVALVVPATRFRPIIRLTVEWLEVLAMIALLPAAAALGGLFAWLRH,244.0,264.0,0.6,0.35,Rv3887c,Mb3917c,99.7,288,Mb3917c_95
29,0.259,4.0,FMSLADEKR,netmhciipan,Rv1586c,30.0,PIELEAFMSLADEKRLALAT,95.0,,Rv1586c,469.0,MRYTTPVRAAVYLRISEDRSGEQLGVARQREDCLKLCGQRKWVPVEYLDNDVSASTGKRRPAYEQMLADITAGKIAAVVAWDLDRLHRRPIELEAFMSLADEKRLALATVAGDVDLATPQGRLVARLKGSVAAHETEHKKARQRRAARQKAERGHPNWSKAFGYLPGPNGPEPDPRTAPLVKQAYADILAGASLGDVCRQWNDAGAFTITGRPWTTTTLSKFLRKPRNAGLRAYKGARYGPVDRDAIVGKAQWSPLVDEATFWAAQAVLDAPGRAPGRKSVRRHLLTGLAGCGKCGNHLAGSYRTDGQVVYVCKACHGVAILADNIEPILYHIVAERLAMPDAVDLLRREIHDAAEAETIRLELETLYGELDRLAVERAEGLLTARQVKISTDIVNAKITKLQARQQDQERLRVFDGIPLGTPQVAGMIAELSPDRFRAVLDVLAEVVVQPVGKSGRIFNPERVQVNWR,89.0,109.0,0.5,0.25,Rv1586c,Mb1612c,100.0,469,Mb1612c_26
85,,6.0,LRSSPRPSA,tepitope,Rv2850c,56.0,RPASPRLRSSPRPSAPPSKI,356.0,4.800000000000002,Rv2850c,629.0,MKPYPFSAIVGHDRLRLALLLCAVRPEIGGALIRGEKGTAKSTAVRGLAALLSVATGSTETGLVELPLGATEDRVVGSLDLQRVMRDGEHAFSPGLLARAHGGVLYVDEVNLLHDHLVDILLDAAAMGRVHVERDGISHSHEARFVLIGTMNPEEGELRPQLLDRFGLTVDVQASRDIDVRVQVIRRRMAYEADPDAFVARYADADAELAHRIAAARATVDDVVLGDNELRRIAALCAAFDVDGMRADLVVARTAAAHAAWRGVRTVEEQDIRAAAELALPHRRRRDPFDDHGIDRDQLDEALALASVDPEPEPDPPGGGQSANEPASQPNSRSKSTEPGAPSSMGDDPPRPASPRLRSSPRPSAPPSKIFRTRALRVPGVGTGAPGRRSRARNASGSVVAAAEVSDPDAHGLHLFATLLAAGERAFGAGPLRPWPDDVRRAIREGREGNLVIFVVDASGSMAARDRMAAVSGATLSLLRDAYQRRDKVAVITFRQHEATLLLSPTSSAHIAGRRLARFSTGGKTPLAEGLLAARALIIREKVRDRARRPLVVVLTDGRATAGPDPLGRSRTAAAGLVAEGAAAVVVDCETSYVRLGLAAQLARQLGAPVVRLEQLHADYLVHAVRGVA,350.0,370.0,0.2,0.25,Rv2850c,Mb2875c,99.7,629,Mb2875c_78
63,,3.0,VIICEEMHQ,tepitope,Rv0975c,22.0,GDGADPVIICEEMHQAGAPG,69.0,2.7090499999999995,Rv0975c,382.0,MNIWTTPERQQLRKTVRAFAEREILPHVDEWERIGELPRGLHRLAGAAGLLGAGFPEAVGGGGGDGADPVIICEEMHQAGAPGGVYASLFTCGIAVPHMVASGDERLIATYVRPTLAGEKIGALAITEPGGGSDVGHLRTSAVRDGDHYVINGAKTYITSGVRADYVVTAVRTGGPGAAGVSLLVVEKDTPGFEVTRKLDKMGWRSSDTAELCYTDVAVPATNLVGAENSGFTQIARAFVSERIGLAAQAYSSAQRCLDLTAQWCRDRETFGRPLISRQSVQNTLAEMARRIDVARVYAHHVVERQLAGETDLIAQVCFAKNTAVQAGEWVANQAVQLFGGMGYMAESEVERQYRDMRILGIGGGTTEILTALAAKTLGYQS,63.0,83.0,0.3,0.05,Rv0975c,Mb1000c,100.0,349,Mb1000c_58
4,0.394,4.0,IARFKRLDR,netmhciipan,Rv1007c,3.0,YIATDAIARFKRLDRYDVRF,30.0,,Rv1007c,519.0,MKPYYVTTAIAYPNAAPHVGHAYEYIATDAIARFKRLDRYDVRFLTGTDEHGLKVAQAAAAAGVPTAALARRNSDVFQRMQEALNISFDRFIRTTDADHHEASKELWRRMSAAGDIYLDNYSGWYSVRDERFFVESETQLVDGTRLTVETGTPVTWTEEQTYFFRLSAYTDKLLAHYHANPDFIAPETRRNEVISFVSGGLDDLSISRTSFDWGVQVPEHPDHVMYVWVDALTNYLTGAGFPDTDSELFRRYWPADLHMIGKDIIRFHAVYWPAFLMSAGIELPRRIFAHGFLHNRGEKMSKSVGNIVDPVALAEALGVDQVRYFLLREVPFGQDGSYSDEAIVTRINTDLANELGNLAQRSLSMVAKNLDGRVPNPGEFADADAALLATADGLLERVRGHFDAQAMHLALEAIWLMLGDANKYFSVQQPWVLRKSESEADQARFRTTLYVTCEVVRIAALLIQPVMPESAGKILDLLGQAPNQRSFAAVGVRLTPGTALPPPTGVFPRYQPPQPPEGK,24.0,44.0,0.45,0.3,Rv1007c,Mb1034c,99.8,519,Mb1034c_4
59,,5.0,IRLDGAVEI,tepitope,Rv2121c,14.0,GIEATVIRLDGAVEISVQLG,133.0,6.3,Rv2121c,284.0,MLRVAVPNKGALSEPATEILAEAGYRRRTDSKDLTVIDPVNNVEFFFLRPKDIAIYVGSGELDFGITGRDLVCDSGAQVRERLALGFGSSSFRYAAPAGRNWTTADLAGMRIATAYPNLVRKDLATKGIEATVIRLDGAVEISVQLGVADAIADVVGSGRTLSQHDLVAFGEPLCDSEAVLIERAGTDGQDQTEARDQLVARVQGVVFGQQYLMLDYDCPRSALKKATAITPGLESPTIAPLADPDWVAIRALVPRRDVNGIMDELAAIGAKAILASDIRFCRF,127.0,147.0,0.5,0.3,Rv2121c,Mb2145c,100.0,284,Mb2145c_54
87,,6.0,VVAFAVIGF,tepitope,Rv0538,4.0,LLIGNAVVAFAVIGFASLAV,283.0,4.267800000000001,Rv0538,548.0,MDVALGVAVTDRVARLALVDSAAPGTVIDQFVLDVAEHPVEVLTETVVGTDRSLAGENHRLVATRLCWPDQAKADELQHALQDSGVHDVAVISEAQAATALVGAAHAGSAVLLVGDETATLSVVGDPDAPPTMVAVAPVAGADATSTVDTLMARLGDQALAPGDVFLVGRSAEHTTVLADQLRAASTMRVQTPDDPTFALARGAAMAAGAATMAHPALVADATTSLPRAEAGQSGSEGEQLAYSQASDYELLPVDEYEEHDEYGAAADRSAPLSRRSLLIGNAVVAFAVIGFASLAVAVAVTIRPTAASKPVEGHQNAQPGKFMPLLPTQQQAPVPPPPPDDPTAGFQGGTIPAVQNVVPRPGTSPGVGGTPASPAPEAPAVPGVVPAPVPIPVPIIIPPFPGWQPGMPTIPTAPPTTPVTTSATTPPTTPPTTPVTTPPTTPPTTPVTTPPTTPPTTPVTTPPTTVAPTTVAPTTVAPTTVAPTTVAPATATPTTVAPQPTQQPTQQPTQQMPTQQQTVAPQTVAPAPQPPSGGRNGSGGGDLFGGF,277.0,297.0,0.8,0.35,Rv0538,Mb0552,99.8,548,Mb0552_79
79,,4.0,LMADMVETK,tepitope,Rv1837c,20.0,MWTMTELMADMVETKIAQPR,520.0,4.199999999999998,Rv1837c,741.0,MTDRVSVGNLRIARVLYDFVNNEALPGTDIDPDSFWAGVDKVVADLTPQNQALLNARDELQAQIDKWHRRRVIEPIDMDAYRQFLTEIGYLLPEPDDFTITTSGVDAEITTTAGPQLVVPVLNARFALNAANARWGSLYDALYGTDVIPETDGAEKGPTYNKVRGDKVIAYARKFLDDSVPLSSGSFGDATGFTVQDGQLVVALPDKSTGLANPGQFAGYTGAAESPTSVLLINHGLHIEILIDPESQVGTTDRAGVKDVILESAITTIMDFEDSVAAVDAADKVLGYRNWLGLNKGDLAAAVDKDGTAFLRVLNRDRNYTAPGGGQFTLPGRSLMFVRNVGHLMTNDAIVDTDGSEVFEGIMDALFTGLIAIHGLKASDVNGPLINSRTGSIYIVKPKMHGPAEVAFTCELFSRVEDVLGLPQNTMKIGIMDEERRTTVNLKACIKAAADRVVFINTGFLDRTGDEIHTSMEAGPMVRKGTMKSQPWILAYEDHNVDAGLAAGFSGRAQVGKGMWTMTELMADMVETKIAQPRAGASTAWVPSPTAATLHALHYHQVDVAAVQQGLAGKRRATIEQLLTIPLAKELAWAPDEIREEVDNNCQSILGYVVRWVDQGVGCSKVPDIHDVALMEDRATLRISSQLLANWLRHGVITSADVRASLERMAPLVDRQNAGDVAYRPMAPNFDDSIAFLAAQELILSGAQQPNGYTEPILHRRRREFKARAAEKPAPSDRAGDDAAR,514.0,534.0,0.3,0.15,Rv1837c,Mb1868c,100.0,741,Mb1868c_73
44,,6.0,VAILFRLGC,tepitope,Rv2148c,4.0,FFPATDVAILFRLGCRSVGE,53.0,4.1,Rv2148c,258.0,MAADLSAYPDRESELTHALAAMRSRLAAAAEAAGRNVGEIELLPITKFFPATDVAILFRLGCRSVGESREQEASAKMAELNRLLAAAELGHSGGVHWHMVGRIQRNKAGSLARWAHTAHSVDSSRLVTALDRAVVAALAEHRRGERLRVYVQVSLDGDGSRGGVDSTTPGAVDRICAQVQESEGLELVGLMGIPPLDWDPDEAFDRLQSEHNRVRAMFPHAIGLSAGMSNDLEVAVKHGSTCVRVGTALLGPRRLRSP,47.0,67.0,0.5,0.3,Rv2148c,Mb2172c,100.0,258,Mb2172c_41
5,0.327,3.0,RLVVPRARY,netmhciipan,Rv0768,1.0,GCAITTRLVVPRARYEEAVA,297.0,,Rv0768,489.0,MALWGDGISALLIDGKLSDGRAGTFPTVNPATEEVLGVAADADAEDMGRAIEAARRAFDSTDWSRNTELRVRCVRQLRDAMQQHVEELRELTISEVGAPRMLTASAQLEGPVGDLSFAADTAESYPWKQDLGEASPLGIATRRTLAREAVGVVGAITPWNFPHQINLAKLGPALAAGNTVVLKPAPDTPWCAAALGEIIVEHTDFPPGVVNIVTSSSHALGALLAKDPRVDMISFTGSTATGRAVMADAAATIKKVFLELGGKSAFVVLDDADLAAASAVSAFSACMHAGQGCAITTRLVVPRARYEEAVAIAAATMSSIRPGDPNDPGTVCGPLISARQRDRVQGYLDLAVAEGGRFACGGARPADREVGFYIEPTVIAGLTNDARVAREEIFGPVLTVIAHDGDDDAVRIANDSPYGLSGTVYGADPQRAARIASRLRVGTVNVNGGVWYCADAPFGGYKQSGIGREMGLLGFEEYLEAKLIATAAN,291.0,311.0,0.45,0.35,Rv0768,Mb0791,100.0,489,Mb0791_5
22,0.221,3.0,VINAHLRRH,netmhciipan,Rv3824c,1.0,LRAMTYVINAHLRRHDTYRS,86.0,,Rv3824c,511.0,MRIGPVELSAVKDWDPAPGVLVSWHPTPASCAKALAAPVSAVPPSYVQARQIRSFSEQAARGLDHSRLLIASVEVFGHCDLRAMTYVINAHLRRHDTYRSWFELRDTDHIVRHSIADPADIEFVPTTHGEMTSADLRQHIVATPDSLHWDCFSFGVIQRADSFTFYASIDHLHADGQFVGVGLMEFQSMYTALIMGEPPIGLSEAGSYVDFCVRQHEYTSALTVDSPEVRAWIDFAEINNGTFPEFPLPLGDPSVRCGGDLLSMMLMDEQQTQRFESACMAANARFIGGMLACIAIAIHELTGADTYFGITPKDIRTPADLMTQGWFTGQIPVTVPVAGLSFNEIARIAQTSFDTGADLAKVPFERVVELSPSLRRPQPLFSLVNFFDAQVGPLSAVTKLFEGLNVGTYSDGRVTYPLSTMVGRFDETAASVLFPDNPVARESVTAYLRAIRSVCMRIANGGTAERVGNVVALSPGRRNNIERMTWRSCRAGDFIDICNLKVANVTVDREA,80.0,100.0,0.3,0.35,Rv3824c,Mb3854c,100.0,511,Mb3854c_20
7,0.161,3.0,LLGVDPALI,netmhciipan,Rv1901,48.0,NEAKAQLLGVDPALIEAHGA,325.0,,Rv1901,430.0,MAVSARAGIVITGTEVLTGRVQDRNGPWIADRLLELGVELAHITICGDRPADIEAQLRFMAEQGVDLIVTSGGLGPTADDMTVEVVARYCGRELVLDDELENRIANILKKLMGRNPAIEPANFDSIRAANRKQAMIPAGSQVIDPVGTAPGLVVPGRPAVMVLPGPPRELQPIWSKAIQTAPVQDAIAGRTTYRQETIRIFGLPESSLADTLRDAEAAIPGFDLVEITTCLRRGEIEMVTRFEPNAAQVYTQLARLLRDRHGHQVYSEDGASVDELVAKLLTGRRIATAESCTAGLLAARLTDRPGSSKYVAGAVVAYSNEAKAQLLGVDPALIEAHGAVSEPVAQAMAAGALQGFGADTATAITGIAGPSGGTPEKPVGTVCFTVLLDDGRTTTRTVRLPGNRSDIRERSTTVAMHLLRRTLSGIPGSP,319.0,339.0,0.5,0.2,Rv1901,Mb1936,100.0,430,Mb1936_7
41,0.452,6.0,VIVVARSIH,netmhciipan,Rv3158,1.0,AVALIAVIVVARSIHGSGHA,56.0,,Rv3158,531.0,MILPAPHVEYFLLAPMLIVFSVAVAGVLAEAFLPRRWRYGAQVTLALGGSAVALIAVIVVARSIHGSGHAAVLGAIAVDRATLFLQGTVLLVTIMAVVFMAERSARVSPQRQNTLAVARLPGLDSFTPQASAVPGSDAERQAERAGATQTELFPLAMLSVGGMMVFPASNDLLTMFVALEVLSLPLYLMCGLARNRRLLSQEAAMKYFLLGAFSSAFFLYGVALLYGATGTLTLPGIRDALAARTDDSMALAGVALLAVGLLFKVGAVPFHSWIPDVYQGAPTPITGFMAAATKVAAFGALLRVVYVALPPLHDQWRPVLWAIAILTMTVGTVTAVNQTNVKRMLAYSSVAHVGFILTGVIADNPAGLSATLFYLVAYSFSTMGAFAIVGLVRGADGSAGSEDADLSHWAGLGQRSPIVGVMLSMFLLAFAGIPLTSGFVSKFAVFRAAASAGAVPLVIVGVISSGVAAYFYVRVIVSMFFTEESGDTPHVAAPGVLSKAAIAVCTVVTVVLGIAPQPVLDLADQAAQLLR,50.0,70.0,0.65,0.3,Rv3158,Mb3182,100.0,531,Mb3182_38
20,0.381,3.0,ARALLLPRR,netmhciipan,Rv3296,1.0,RFRESAARALLLPRRHPGRR,768.0,,Rv3296,1513.0,MRFAQPSALSRFSALTRDWFTSTFAAPTAAQASAWAAIADGDNTLVIAPTGSGKTLAAFLWALDSLAGSEPMSERPAATRVLYVSPLKALAVDVERNLRTPLAGLTRLAERQGLPAPQIRVGVRSGDTPPALRRQLVSQPPDVLITTPESLFLMLTSAARQTLTGVQTVIIDEIHAIAATKRGAHLALSLERLDDLSSRRRAQRIGLSATVRPPEELARFLSGQSPTTIVAPPAAKTVELSVQVPVPDMANLTDNTIWPDVEARLVDLIESHNSTIVFANSRRLAERLTARLNEIHAARCGIELAPDTNQQVAGGAPAHIMGSGQTFGAPPVLARAHHGSISKEQRAVVEEDLKRGQLKAVVATSSLELGIDMGAVDLVIQVQAPPSVASGLQRIGRAGHQVGEISRGVLFPKHRTDLLGCAVSVQRMLAGEIETMRVPANPLDILAQHTVAAAALEPLDADAWFDTVRRAAPFATLPRSLFEATLDLLSGKYPSTEFAELRPRLVYDRDTGTLTARPGAQRLAVTSGGAIPDRGLFAVYLATERPSRVGELDEEMVYESRPGDVISLGATSWRITEITHDRVLVIPAPGQPARLPFWRGDDAGRPAELGAALGALTGELAALDRTAFGTRCAGLGFDDYATDNLWRLLDDQRTATAVVPTDSTLLVERFRDELGDWRVILHSPYGLRVHGPLALAVGRRLRDRYGIDEKPTASDNGIVVRLPDTVSAGEDSPPGAELFVFDADEIDPIVTTEVAGSALFASRFRESAARALLLPRRHPGRRSPLWQQRQRAARLLEVARKYPDFPIVLETVRECLQDVYDVPILVELMARIAQRRVRVAEAETAKPSPFAASLLFGYVGAFMYEGDTPLAERRAAALALDGTLLAELLGRVELRELLDPDVIAATSRQLQHLAADRVARDAEGVADLLRLLGPLTEDEIAARAGAPEVSGWLDGLRAAKRALVVSFAGRSWWVAVEDMGRLRDGVGAAVPVGLPASFTEAVADPLGELLGRYARTHTPFTTAAAAARFGLGLRVTADVLGRLASDGRLVRGEFVAAAKGSAGGEQWCDAEVLRILRRRSLAALRAQAEPVSTAAYGRFLPAWQHVSAGNSGIDGLAAVIDQLAGVRIPASAIEPLVLAPRIRDYSPAMLDELLASGDVTWSGAGSISGSDGWIALHPADSAPMTLAEPAEIDFTDAHRAILASLGTGGAYFFRQLTHDGLTEAELKAALWELIWAGRVTGDTFAPVRAVLGGAGTRKRAAPAHGGHRPPRLSRYRLTHAQARNADPTVAGRWSALPLPEPDSTLRAHYQAELLLNRHGVLTKDAVAAEGVAGGFATLYKVLSAFEDAGRCQRGYFIESLGGAQFAVASTVDRLRSYLDGVDPEQPDYHAVVLAAADPANPYGAALPWPASSADGTARPGRKAGALVVLVDGELAWFLERGGRSLLTFTDDPEANHAAAIGLADLVTAGRVASILVERADGMPVLQPGGRASAALTALLAAGFVRTPRGLRRR,762.0,782.0,0.35,0.5,Rv3296,Mb3324,99.8,1513,Mb3324_18
105,,4.0,LHLIRKRAK,tepitope,Rv2226,23.0,HHRDEALHLIRKRAKRLRYT,415.0,3.47454,Rv2226,513.0,MPVEAPRPARHLEVERKFDVIESTVSPSFEGIAAVVRVEQSPTQQLDAVYFDTPSHDLARNQITLRRRTGGADAGWHLKLPAGPDKRTEMRAPLSASGDAVPAELLDVVLAIVRDQPVQPVARISTHRESQILYGAGGDALAEFCNDDVTAWSAGAFHAAGAADNGPAEQQWREWELELVTTDGTADTKLLDRLANRLLDAGAAPAGHGSKLARVLGATSPGELPNGPQPPADPVHRAVSEQVEQLLLWDRAVRADAYDAVHQMRVTTRKIRSLLTDSQESFGLKESAWVIDELRELADVLGVARDAEVLGDRYQRELDALAPELVRGRVRERLVDGARRRYQTGLRRSLIALRSQRYFRLLDALDALVSERAHATSGEESAPVTIDAAYRRVRKAAKAAKTAGDQAGDHHRDEALHLIRKRAKRLRYTAAATGADNVSQEAKVIQTLLGDHQDSVVSREHLIQQAIAANTAGEDTFTYGLLYQQEADLAERCREQLEAALRKLDKAVRKARD,409.0,429.0,0.3,0.4,Rv2226,Mb2250,99.6,513,Mb2250_94
82,,5.0,YQIHEARAH,tepitope,Rv1611,9.0,DFVVQPYQIHEARAHGADML,125.0,3.2716800000000004,Rv1611,272.0,MSPATVLDSILEGVRADVAAREASVSLSEIKAAAAAAPPPLDVMAALREPGIGVIAEVKRASPSAGALATIADPAKLAQAYQDGGARIVSVVTEQRRFQGSLDDLDAVRASVSIPVLRKDFVVQPYQIHEARAHGADMLLLIVAALEQSVLVSMLDRTESLGMTALVEVHTEQEADRALKAGAKVIGVNARDLMTLDVDRDCFARIAPGLPSSVIRIAESGVRGTADLLAYAGAGADAVLVGEGLVTSGDPRAAVADLVTAGTHPSCPKPAR,119.0,139.0,0.4,0.2,Rv1611,Mb1637,100.0,272,Mb1637_76
78,,4.0,FYYLDLALM,tepitope,Rv2940c,1.0,FRRGLTFYYLDLALMSVTQP,1677.0,3.3000000000000007,Rv2940c,2111.0,MESRVTPVAVIGMGCRLPGGINSPDKLWESLLRGDDLVTEIPPDRWDADDYYDPEPGVPGRSVSRWGGFLDDVAGFDAEFFGISEREATSIDPQQRLLLETSWEAIEHAGLDPASLAGSSTAVFTGLTHEDYLVLTTTAGGLASPYVVTGLNNSVASGRIAHTLGLHGPAMTFDTACSSGLMAVHLACRSLHDGEADLALAGGCAVLLEPHASVAASAQGMLSSTGRCHSFDADADGFVRSEGCAMVLLKRLPDALRDGNRIFAVVRGTATNQDGRTETLTMPSEDAQVAVYRAALAAAGVQPETVGVVEAHGTGTPIGDPIEYRSLARVYGAGTPCALGSAKSNMGHSTASAGTVGLIKAILSLRHGVVPPLLHFNRLPDELSDVETGLFVPQAVTPWPNGNDHTPKRVAVSSFGMSGTNVHAIVEEAPAEASAPESSPGDAEVGPRLFMLSSTSSDALRQTARQLATWVEEHQDCVAASDLAYTLARGRAHRPVRTAVVAANLPELVEGLREVADGDALYDAAVGHGDRGPVWVFSGQGSQWAAMGTQLLASEPVFAATIAKLEPVIAAESGFSVTEAITAQQTVTGIDKVQPAVFAVQVALAATMEQTYGVRPGAVVGHSMGESAAAVVAGALSLEDAARVICRRSKLMTRIAGAGAMGSVELPAKQVNSELMARGIDDVVVSVVASPQSTVIGGTSDTVRDLIARWEQRDVMAREVAVDVASHSPQVDPILDDLAAALADIAPMTPKVPYYSATLFDPREQPVCDGAYWVDNLRNTVQFAAAVQAAMEDGYRVFAELSPHPLLTHAVEQTGRSLDMSVAALAGMRREQPLPHGLRGLLTELHRAGAALDYSALYPAGRLVDAPLPAWTHARLFIDDDGQEQRAQGACTITVHPLLGSHVRLTEEPERHVWQGDVGTSVLSWLSDHQVHNVAALPGAAYCEMALAAAAEVFGEAAEVRDITFEQMLLLDEQTPIDAVASIDAPGVVNFTVETNRDGETTRHATAALRAAEDDCPPPGYDITALLQAHPHAVNGTAMRESFAERGVTLGAAFGGLTTAHTAEAGAATVLAEVALPASIRFQQGAYRIHPALLDACFQSVGAGVQAGTATGGLLLPLGVRSLRAYGPTRNARYCYTRLTKAFNDGTRGGEADLDVLDEHGTVLLAVRGLRMGTGTSERDERDRLVSERLLTLGWQQRALPEVGDGEAGSWLLIDTSNAVDTPDMLASTLTDALKSHGPQGTECASLSWSVQDTPPNDQAGLEKLGSQLRGRDGVVIVYGPRVGDPDEHSLLAGREQVRHLVRITRELAEFEGELPRLFVVTRQAQIVKPHDSGERANLEQAGLRGLLRVISSEHPMLRTTLIDVDEHTDVERVAQQLLSGSEEDETAWRNGDWYVARLTPSPLGHEERRTAVLDPDHDGMRVQVRRPGDLQTLEFVASDRVPPGPGQIEVAVSMSSINFADVLIAFGRFPIIDDREPQLGMDFVGVVTAVGEGVTGHQVGDRVGGFSEGGCWRTFLTCDANLAVTLPPGLTDEQAITAATAHATAWYGLNDLAQIKAGDKVLIHSATGGVGQAAISIARAKGAEIFATAGNPAKRAMLRDMGVEHVYDSRSVEFAEQIRRDTDGYGVDIVLNSLTGAAQRAGLELLAFGGRFVEIGKADVYGNTRLGLFPFRRGLTFYYLDLALMSVTQPDRVRELLATVFKLTADGVLTAPQCTHYPLAEAADAIRAMSNAEHTGKLVLDVPRSGRRSVAVTPEQAPLYRRDGSYIITGGLGGLGLFFASKLAAAGCGRIVLTARSQPNPKARQTIEGLRAAGADIVVECGNIAEPDTADRLVSAATATGLPLRGVLHSAAVVEDATLTNITDELIDRDWSPKVFGSWNLHRATLGQPLDWFCLFSSGAALLGSPGQGAYAAANSWVDVFAHWRRAQGLPVSAIAWGAWGEVGRATFLAEGGEIMITPEEGAYAFETLVRHDRAYSGYIPILGAPWLADLVRRSPWGEMFASTGQRSRGPSKFRMELLSLPQDEWAGRLRRLLVEQASVILRRTIDADRSFIEYGLDSLGMLEMRTHVETETGIRLTPKVIATNNTARALAQYLADTLAEEQAAAPAAS,1671.0,1691.0,0.4,0.35,Rv2940c,Mb2965c,100.0,2111,Mb2965c_72
65,,3.0,VLSAPVKLA,tepitope,Rv1108c,1.0,TCSRDLVLSAPVKLAEGVQV,68.0,2.2841,Rv1108c,415.0,MTQNSAENPFPVRAVAIRVAGWIDKLGAVWVEGQLAQITMRPDAKTVFMVLRDPAADMSLTVTCSRDLVLSAPVKLAEGVQVVVCGKPSFYTGRGTFSLRLSEIRAVGIGELLARIDRLRRLLDAEGLFDPRLKRPIPYLPNMIGLITGRASAAERDVTTVASARWPAARFAVRNVAVQGPNAVGQIVEALRELDRDPDVDVIVLARGGGSVEDLLPFSDETLCRAIAACRTPVVSAVGHEPDNPLCDLVVDLRAATPTDAAKKVVPDTAAEQRLIDDLRRRSAQALRNWVSREQRAVAQLRSRPVLADPMTMVSVRAEEVHRARSTLRRNLTLMVAAETERIGHLAARLATLGPAATLARGYAIVQTVAQTGPEGGSEPQVLRSVHDAPEGTKLRVRVADGALAAVSEGQTNGL,62.0,82.0,0.45,0.4,Rv1108c,Mb1138c,100.0,415,Mb1138c_60
57,0.17600000000000002,3.0,IIADVLHAA,netmhciipan,Rv2870c,1.0,FPAIVGIIADVLHAADQWAV,349.0,,Rv2870c,413.0,MTNSTDGRADGRLRVVVLGSTGSIGTQALQVIADNPDRFEVVGLAAGGAHLDTLLRQRAQTGVTNIAVADEHAAQRVGDIPYHGSDAATRLVEQTEADVVLNALVGALGLRPTLAALKTGARLALANKESLVAGGSLVLRAARPGQIVPVDSEHSALAQCLRGGTPDEVAKLVLTASGGPFRGWSAADLEHVTPEQAGAHPTWSMGPMNTLNSASLVNKGLEVIETHLLFGIPYDRIDVVVHPQSIIHSMVTFIDGSTIAQASPPDMKLPISLALGWPRRVSGAAAACDFHTASSWEFEPLDTDVFPAVELARQAGVAGGCMTAVYNAANEEAAAAFLAGRIGFPAIVGIIADVLHAADQWAVEPATVDDVLDAQRWARERAQRAVSGMASVAIASTAKPGAAGRHASTLERS,343.0,363.0,0.7,0.2,Rv2870c,Mb2895c,100.0,413,Mb2895c_52
58,,4.0,LVSMLKDHG,tepitope,Rv0331,56.0,PEVGEALVSMLKDHGVGFHP,206.0,3.4000000000000004,Rv0331,388.0,MSKTVLILGAGVGGLTTADTLRQLLPPEDRIILVDRSFDGTLGLSLLWVLRGWRRPDDVRVRPTAASLPGVEMVTATVAHIDIAAQVVHTDNSVIGYDALVIALGAALNTDAVPGLSDALDADVAGQFYTLDGAAELRAKVEALEHGRIAVAIAGVPFKCPAAPFEAAFLIAAQLGDRYATGTVQIDTFTPDPLPMPVAGPEVGEALVSMLKDHGVGFHPRKALARVDEAARTMHFGDGTSEPFDLLAVVPPHVPSAAARSAGLSESGWIPVDPRTLSTSADNVWAIGDATVLTLPNGKPLPKAAVFAEAQAAVVAHGVARHLGYDVAERHFTGTGACYVETGDHQAAKGDGDFFAPSAPSVTLYPPSREFHEEKVAQELAWLTRWKT,200.0,220.0,0.35,0.25,Rv0331,Mb0338,100.0,388,Mb0338_53
93,,3.0,LVASRSYCI,tepitope,Rv3342,19.0,PQALIDLVASRSYCITSPAQ,190.0,3.25,Rv3342,243.0,MTCSRRDMSLSFGSAVGAYERGRPSYPPEAIDWLLPAAARRVLDLGAGTGKLTTRLVERGLDVVAVDPIPEMLDVLRAALPQTVALLGTAEEIPLDDNSVDAVLVAQAWHWVDPARAIPEVARVLRPGGRLGLVWNTRDERLGWVRELGEIIGRDGDPVRDRVTLPEPFTTVQRHQVEWTNYLTPQALIDLVASRSYCITSPAQVRTKTLDRVRQLLATHPALANSNGLALPYVTVCVRATLA,184.0,204.0,0.4,0.2,Rv3342,Mb3374,100.0,243,Mb3374_84
91,,6.0,VVATQVLVL,tepitope,Rv3895c,9.0,DRAPASVVATQVLVLPGAAN,389.0,2.6157000000000004,Rv3895c,495.0,MPLSLSNRDQNSGHLFYNRRLRAATTRFSVRMKHDDRKQTAALALSMVLVAIAAGWMMLLNVLKPTGIVGDSAIIGDRDSGALYARIDGRLYPALNLTSARLATGTAGQPTWVKPAEIAKYPTGPLVGIPGAPAAMPVNRGAVSAWAVCDTAGRPRSADKPVVTSIAGPITGGGRATHLRDDAGLLVTFDGSTYVIWGGKRSQIDPTNRAVTLSLGLDPGVTSPIQISRALFDGLPATEPLRVPAVPEAGTPSTWVPGARVGSVLQAQTAGGGSQFYVLLPDGVQKISSFVADLLRSANSYGAAAPRVVTPDVLVHTPQVTSLPVEYYPAGRLNFVDTAADPTTCVSWEKASTDPQARVAVYNGRGLPVPPSMDSRIVRLVRDDRAPASVVATQVLVLPGAANFVTSTSGVITAESRESLFWVSGNGVRFGIANDEATLRALGLDPGAAVQAPWPLLRTFAAGPALSRDAALLARDTVPTLGQVAIVTTTAKAGA,383.0,403.0,0.55,0.35,Rv3895c,Mb3925c,99.8,495,Mb3925c_82
15,0.386,5.0,LQILKANNV,netmhciipan,Rv0686,1.0,GPLMEILQILKANNVPLNRM,183.0,,Rv0686,265.0,MLARYIKMQLLVLLCGGLVGPIFLVVYFTLGLGSLMSWMFYVGLIITVADVLVALALTNYGAKTAAKTAALERSGVLALAQITGLSETGTRINDQPLVKVHLHISGPGITPFDTEDRVIASVTRLGNLTARKLVVLVNPATQQYLIDWERSALVNGLVPAQFTVAEDNKTYDLSGQTGPLMEILQILKANNVPLNRMVDIRSNPALRQQVQAVVRRAAERQAPAAEPASQGSIAERLAELESLRASGAVNAAEYESKRAQIISEI,177.0,197.0,0.4,0.3,Rv0686,Mb0705,99.6,265,Mb0705_13
64,,8.0,LVAAGVLGL,tepitope,Rv0157,4.0,WWMIGLLVAAGVLGLMVVLP,204.0,3.5918,Rv0157,475.0,MNLHYLVEILYIISFSLFIYGLMGLTGPKTAVRGNLIAAAGMTIAVAATLVMIRHTSQWPLIIAGLVVGVVLGVPPARLTKMTAMPQLVAFFNGVGGGTVALIALSEFIDTTGFSAFQHGESPTVHIVVASLFAAIIGSISFWGSIVAFGKLQEIISGRPIGLGKAQQPINLLLLAVAVAAAVVIGLHAHPGSGGVALWWMIGLLVAAGVLGLMVVLPIGGADMPVVISMLNAMTGLSAAAAGLALNNTAMIVAGMIVGASGSILTNLMAKAMNRSIPAIVAGGFGGGGVAPSGGGDDKHVKATSAADAAIQMAYANQVIVVPGYGLAVAQAQHAVKDLATLLEDRGVPVKYAIHPVAGRMPGHMNVLLAEAEVDYDAMKDMDDINDEFARTDVTIVIGANDVTNPAARNETSSPIYGMPILNVDKSRSVIVLKRSMNSGFAGIDNPLFYADGTTMLFGDAKKSVTEVSEELKAL,198.0,218.0,0.7,0.45,Rv0157,Mb0162,100.0,475,Mb0162_59
34,0.605,4.0,HKVFRRRRF,netmhciipan,Rv1564c,1.0,TTLRKNHKVFRRRRFFEGEP,589.0,,Rv1564c,721.0,MSSNNAGESDGTGPALPTVWPGNAYPLGATYDGAGTNFSLFSEIAEKVELCLIDEDGVESRIPLDEVDGYVWHAYLPNITPGQRYGFRVHGPFDPAAGHRCDPSKLLLDPYGKSFHGDFTFGQALYSYDVNAVDPDSTPPMVDSLGHTMTSVVINPFFDWAYDRSPRTPYHETVIYEAHVKGMTQTHPSIPPELRGTYAGLAHPVIIDHLNELNVTAVELMPVHQFLHDSRLLDLGLRNYWGYNTFGFFAPHHQYASTRQAGSAVAEFKTMVRSLHEAGIEVILDVVYNHTAEGNHLGPTINFRGIDNTAYYRLMDHDLRFYKDFTGTGNSLNARHPHTLQLIMDSLRYWVIEMHVDGFRFDLASTLARELHDVDRLSAFFDLVQQDPVVSQVKLIAEPWDVGEGGYQVGNFPGLWTEWNGKYRDTVRDYWRGEPATLGEFASRLTGSSDLYEATGRRPSASINFVTAHDGFTLNDLVSYNDKHNEANGENNRDGESYNRSWNCGVEGPTDDPDILALRARQMRNMWATLMVSQGTPMIAHGDEIGRTQYGNNNVYCQDSELSWMDWSLVDKNADLLAFARKATTLRKNHKVFRRRRFFEGEPIRSGDEVRDIAWLTPSGREMTHEDWGRGFDRCVAVFLNGEAITAPDARGERVVDDSFLLCFNAHDHDVEFVMPHDGYAQQWTGELDTNDPVGDIDLTVTATDTFSVPARSLLVLRKTL,583.0,603.0,0.25,0.35,Rv1564c,Mb1591c,100.0,721,Mb1591c_31
80,,4.0,WRFAPFLWQ,tepitope,Rv2263,23.0,RLYKTSWRFAPFLWQEIEEG,237.0,3.6,Rv2263,317.0,MAKDLVATVPDLSGKLAIITGANSGLGFGLARRLSAAGADVIMAIRNRAKGEAAVEEIRTAVPDAKLTIKALDLSSLASVAALGEQLMADGRPIDLLINNAGVMTPPERVTTADGFELQFGSNHLGHFALTAHLLPLLRAAQRARVVSLSSLAARRGRIHFDDLQFERSYAPMTAYGQSKLAVLMFARELDRRSRAAGWGIISNAAHPGLTKTNLQIAGPSHGRDKPALMERLYKTSWRFAPFLWQEIEEGILPALYAAATPQADGGAFYGPRGRYEVAGGGVREAKVPAAARNDADSKRLWEVSEQLTGVSYPKSR,231.0,251.0,0.4,0.2,Rv2263,Mb2286,100.0,317,Mb2286_74
3,0.324,5.0,FIYDAAQNY,netmhciipan,Rv1475c,28.0,PGGPQAFIYDAAQNYAAQHI,795.0,,Rv1475c,943.0,MTSKSVNSFGAHDTLKVGEKSYQIYRLDAVPNTAKLPYSLKVLAENLLRNEDGSNITKDHIEAIANWDPKAEPSIEIQYTPARVVMQDFTGVPCIVDLATMREAIADLGGNPDKVNPLAPADLVIDHSVIADLFGRADAFERNVEIEYQRNGERYQFLRWGQGAFDDFKVVPPGTGIVHQVNIEYLASVVMTRDGVAYPDTCVGTDSHTTMVNGLGVLGWGVGGIEAEAAMLGQPVSMLIPRVVGFRLTGEIQPGVTATDVVLTVTEMLRQHGVVGKFVEFYGEGVAEVPLANRATLGNMSPEFGSTAAIFPIDEETIKYLRFTGRTPEQVALVEAYAKAQGMWHDPKHEPEFSEYLELNLSDVVPSIAGPKRPQDRIALAQAKSTFREQIYHYVGNGSPDSPHDPHSKLDEVVEETFPASDPGQLTFANDDVATDETVHSAAAHADGRVSNPVRVKSDELGEFVLDHGAVVIAAITSCTNTSNPEVMLGAALLARNAVEKGLTSKPWVKTTIAPGSQVVNDYYDRSGLWPYLEKLGFYLVGYGCTTCIGNSGPLPEEISKAVNDNDLSVTAVLSGNRNFEGRINPDVKMNYLASPPLVIAYALAGTMDFDFQTQPLGQDKDGKNVFLRDIWPSQQDVSDTIAAAINQEMFTRNYADVFKGDDRWRNLPTPSGNTFEWDPNSTYVRKPPYFEGMTAKPEPVGNISGARVLALLGDSVTTDHISPAGAIKPGTPAARYLDEHGVDRKDYNSFGSRRGNHEVMIRGTFANIRLRNQLLDDVSGGYTRDFTQPGGPQAFIYDAAQNYAAQHIPLVVFGGKEYGSGSSRDWAAKGTLLLGVRAVIAESFERIHRSNLIGMGVIPLQFPEGKSASSLGLDGTEVFDITGIDVLNDGKTPKTVCVQATKGDGATIEFDAVVRIDTPGEADYYRNGGILQYVLRNILKSG,789.0,809.0,0.4,0.0,Rv1475c,Mb1511c,100.0,943,Mb1511c_3
13,0.334,3.0,IKRALAAST,netmhciipan,Rv3156,30.0,GCAKDDIKRALAASTISQIG,307.0,,Rv3156,633.0,MTTSLGTHYTWLLVALPLAGAAILLFGGRRTDAWGHLLGCAAALAAFGVGAMLLADMLGRDGLERAIHQQVFTWIPAGGLQVDFGLQIDQLSMCFVLLISGVGSLIHIYSVGYMAEDPDRRRFFGYLNLFLASMLLLVVADNYVLLYVGWEGVGLASYLLIGFWYHKPSAATAAKKAFVMNRVGDAGLAVGMFLTFSTFGTLSYAGVFAGVPAASRAVLTAIGLLMLLGACAKSAQVPLQAWLGDAMEGPTPVSALIHAATMVTAGVYLIVRSGPLYNLAPTAQLAVVIVGAVTLLFGAIIGCAKDDIKRALAASTISQIGYMVLAAGLGPAGYAFAIMHLLTHGFFKAGLFLGSGAVIHAMHEEQDMRRYGGLRAALPVTFATFGLAYLAIIGVPPFAGFFSKDAIIEAALGAGGIRGSLLGGAALLGAGVTAFYMTRVMLMTFFGEKRWTPGAHPHEAPAVMTWPMILLAVGSVFSGGLLAVGGTLRHWLQPVVGSHEEATHALPTWVATTLALGVVAVGIAVAYRMYGTAPIPRVAPVRVSALTAAARADLYGDAFNEEVFMRPGAQLTNAVVAVDDAGVDGSVNALATLVSQTSNRLRQMQTGFARNYALSMLVGAVLVAAALLVVQLW,301.0,321.0,0.4,0.1,Rv3156,Mb3180,99.8,633,Mb3180_11
97,,6.0,FRLALPRTM,tepitope,Rv1589,55.0,LKAVAAFRLALPRTMLRFAG,279.0,4.45528,Rv1589,349.0,MTQAATRPTNDAGQDGGNNSDILVVARQQVLQRGEGLNQDQVLAVLQLPDDRLEELLALAHEVRMRWCGPEVEVEGIISLKTGGCPEDCHFCSQSGLFASPVRSAWLDIPSLVEAAKQTAKSGATEFCIVAAVRGPDERLMAQVAAGIEAIRNEVEINIACSLGMLTAEQVDQLAARGVHRYNHNLETARSFFANVVTTHTWEERWQTLSMVRDAGMEVCCGGILGMGETLQQRAEFAAELAELGPDEVPLNFLNPRPGTPFADLEVMPVGDALKAVAAFRLALPRTMLRFAGGREITLGDLGAKRGILGGINAVIVGNYLTTLGRPAEADLELLDELQMPLKALNASL,273.0,293.0,0.6,0.4,Rv1589,Mb1615,100.0,349,Mb1615_86
24,0.508,6.0,LHRIRYIRL,netmhciipan,Rv2942,1.0,PSPAGRLHRIRYIRLKKSSP,7.0,,Rv2942,920.0,MPSPAGRLHRIRYIRLKKSSPDCRATITSGSADGQRRSPRLTNLLVVAAWVAAAVIANLLLTFTQAEPHDTSPALLPQDAKTAAATSRIAQAFPGTGSNAIAYLVVEGGSTLEPQDQPYYDAAVGALRADTRHVGSVLDWWSDPVTAPLGTSPDGRSATAMVWLRGEAGTTQAAESLDAVRSVLRQLPPSEGLRASIVVPAITNDMPMQITAWQSATIVTVAAVIAVLLLLRARLSVRAAAIVLLTADLSLAVAWPLAAVVRGHDWGTDSVFSWTLAAVLTIGTITAATMLAARLGSDAGHSAAPTYRDSLPAFALPGACVAIFTGPLLLARTPALHGVGTAGLGVFVALAASLTVLPALIALAGASRQLPAPTTGAGWTGRLSLPVSSASALGTAAVLAICMLPIIGMRWGVAENPTRQGGAQVLPGNALPDVVVIKSARDLRDPAALIAINQVSHRLVEVPGVRKVESAAWPAGVPWTDASLSSAAGRLADQLGQQAGSFVPAVTAIKSMKSIIEQMSGAVDQLDSTVNVTLAGARQAQQYLDPMLAAARNLKNKTTELSEYLETIHTWIVGFTNCPDDVLCTAMRKVIEPYDIVVTGMNELSTGADRISAISTQTMSALSSAPRMVAQMRSALAQVRSFVPKLETTIQDAMPQIAQASAMLKNLSADFADTGEGGFHLSRKDLADPSYRHVRESMFSSDGTATRLFLYSDGQLDLAAAARAQQLEIAAGKAMKYGSLVDSQVTVGGAAQIAAAVRDALIHDAVLLAVILLTVVALASMWRGAVHGAAVGVGVLASYLAALGVSIALWQHLLDRELNALVPLVSFAVLASCGVPYLVAGIKAGRIADEATGARSKGAVSGRGAVAPLAALGGVFGAGLVLVSGGSFSVLSQIGTVVVLGLGVLITVQRAWLPTTPGRR,1.0,21.0,0.25,0.3,Rv2942,Mb2967,100.0,920,Mb2967_22
16,0.199,5.0,GLKLDATLR,netmhciipan,Rv2027c,1.0,ILAITSGLKLDATLRAIVHT,58.0,,Rv2027c,573.0,MTHPDRANVNPGSPPLRETLSQLRLRELLLEVQDRIEQIVEGRDRLDGLIDAILAITSGLKLDATLRAIVHTAAELVDARYGALGVRGYDHRLVEFVYEGIDEETRHLIGSLPEGRGVLGALIEEPKPIRLDDISRHPASVGFPLHHPPMRTFLGVPVRIRDEVFGNLYLTEKADGQPFSDDDEVLVQALAAAAGIAVDNARLFEESRTREAWIEATRDIGTQMLAGADPAMVFRLIAEEALTLMAGAATLVAVPLDDEAPACEVDDLVIVEVAGEISPAVKQMTVAVSGTSIGGVFHDRTPRRFDRLDLAVDGPVEPGPALVLPLRAADTVAGVLVALRSADEQPFSDKQLDMMAAFADQAALAWRLATAQRQMREVEILTDRDRIARDLHDHVIQRLFAVGLTLQGAAPRARVPAVRESIYSSIDDLQEIIQEIRSAIFDLHAGPSRATGLRHRLDKVIDQLAIPALHTTVQYTGPLSVVDTVLANHAEAVLREAVSNAVRHANATSLAINVSVEDDVRVEVVDDGVGISGDITESGLRNLRQRADDAGGEFTVENMPTGGTLLRWSAPLR,52.0,72.0,0.55,0.3,Rv2027c,Mb2052c,99.8,573,Mb2052c_14
17,0.313,3.0,QWMLANLRH,netmhciipan,Rv3273,2.0,APASRSQWMLANLRHDVPAS,24.0,,Rv3273,764.0,MTIPRSQHMSTAVNSCTEAPASRSQWMLANLRHDVPASLVVFLVALPLSLGIAIASGAPIIAGVIAAVVGGIVAGAVGGSPVQVSGPAAGLTVVVAELIDELGWPMLCLMTIAAGALQIVFGLSRMARAALAIAPVVVHAMLAGIGITIALQQIHVLLGGTSHSSAWRNIVALPDGILHHELHEVIVGGTVIAILLMWSKLPAKVRIIPGPLVAIAGATVLALLPVLQTERIDLQGNFFDAIGLPKLAEMSPGGQPWSHEISAIALGVLTIALIASVESLLSAVGVDKLHHGPRTDFNREMVGQGSANVVSGLLGGLPITGVIVRSSANVAAGARTRMSTILHGVWILLFASLFTNLVELIPKAALAGLLIVIGAQLVKLAHIKLAWRTGNFVIYAITIVCVVFLNLLEGVAIGLVVAIVFLLVRVVRAPVEVKPVGGEQSKRWRVDIDGTLSFLLLPRLTTVLSKLPEGSEVTLNLNADYIDDSVSEAISDWRRAHETRGGVVAIVETSPAKLHHAHARPPKRHFASDPIGLVPWRSARGKDRGSASVLDRIDEYHRNGAAVLHPHIAGLTDSQDPYELFLTCADSRILPNVITASGPGDLYTVRNLGNLVPTDPDDRSVDAALDFAVNQLGVSSVVVCGHSSCAAMTALLEDDPANTTTPMMRWLENAHDSLVVFRNHHPARRSAESAGYPEADQLSIVNVAVQVERLTRHPILATAVAAADLQVIGIFFDISTARVYEVGPNGIICPDEPADRPVDHESAQ,18.0,38.0,0.4,0.25,Rv3273,Mb3301,100.0,764,Mb3301_15
90,,4.0,MRSDTPKVL,tepitope,Rv1018c,84.0,AGPGTRMRSDTPKVLHTLAG,19.0,4.26,Rv1018c,495.0,MTFPGDTAVLVLAAGPGTRMRSDTPKVLHTLAGRSMLSHVLHAIAKLAPQRLIVVLGHDHQRIAPLVGELADTLGRTIDVALQDRPLGTGHAVLCGLSALPDDYAGNVVVTSGDTPLLDADTLADLIATHRAVSAAVTVLTTTLDDPFGYGRILRTQDHEVMAIVEQTDATPSQREIREVNAGVYAFDIAALRSALSRLSSNNAQQELYLTDVIAILRSDGQTVHASHVDDSALVAGVNNRVQLAELASELNRRVVAAHQLAGVTVVDPATTWIDVDVTIGRDTVIHPGTQLLGRTQIGGRCVVGPDTTLTDVAVGDGASVVRTHGSSSSIGDGAAVGPFTYLRPGTALGADGKLGAFVEVKNSTIGTGTKVPHLTYVGDADIGEYSNIGASSVFVNYDGTSKRRTTVGSHVRTGSDTMFVAPVTIGDGAYTGAGTVVREDVPPGALAVSAGPQRNIENWVQRKRPGSPAAQASKRASEMACQQPTQPPDADQTP,13.0,33.0,0.25,0.25,Rv1018c,Mb1046c,99.6,495,Mb1046c_81
74,,3.0,LLVVGVRDA,tepitope,Rv0237,9.0,RDKLAQLLVVGVRDAADAQA,67.0,2.9974,Rv0237,388.0,MAFPRTLAILAAAAALVVACSHGGTPTGSSTTSGASPATPVAVPVPRSCAEPAGIPALLSPRDKLAQLLVVGVRDAADAQAVVTNYHVGGILIGSDTDLTIFDGALAEIVAGGGPLPLAVSVDEEGGRVSRLRSLIGGTGPSARELAQTRTVQQVRDLARDRGRQMRKLGITIDFAPVVDVTDAPDDTVIGDRSFGSDPATVTAYAGAYAQGLRDAGVLPVLKHFPGHGRGSGDSHNGGVTTPPLDDLVGDDLVPYRTLVTQAPVGVMVGHLQVPGLTGSEPASLSKAAVNLLRTGTGYGAPPFDGPVFSDDLSGMAAISDRFGVSEAVLRTLQAGADIALWVTTKEVPAVLDRLEQALRAGELPMSAVDRSVVRVATMKGPNPGCGR,61.0,81.0,0.55,0.4,Rv0237,Mb0243,99.7,388,Mb0243_68
103,,3.0,VMVGSVLTG,tepitope,Rv0425c,18.0,GSPVDAVMVGSVLTGNSILA,717.0,3.9,Rv0425c,1539.0,MPVRAVATGFRATATLTGASITAATAVSATLAKTGVGTGMKVAIIPLRAGAKALSGELSRETLGRNCWRGERRAWIEVRGLRSGGDDELGRVVLNAIQAHPGVGSASLNYPLSRVVVAIDDPDTSLRELCRIVDDAEKAERHRHPDQAADQLAQSPGSLPGDGVLLAVRAVTVAATAAGLGLALGGRALRWPRFPLVIEAAVAAVDHQPLLRRLLEDRIGTEATATVLELAMAAAHTVTLSPAALSVDLTIQALKAAECRAGARAWRRHEPQLALHADEPADQPQSLWPRPARSTQPVQRSVARFALIQALSAVLVGAGTRDADMAATATLVATPKASRTTPEAFAAALGQGLADQHAVLPLRPESLRRLDRVDAIVIDPRVLCTDDLRVARIRGCGADELSTAWNRAQLVLTESGLRPGWHRVPGVSASGSDSAVEALFRPMHDRLASAVVAEAHRTGADLVSVDVDALGELRPVFDDIRPLDDGASGSLDEALARAVAELRQAGRTVAVLSSVGKQALSAADVALGVLPPPGAGAPPWYADVLLPDLGAAWRVLHAIPAARAARQRGNEISGGASALGALLMLPGVRGLGPGPVTTGAAAGLLSGYLLARKVVDAQAPRPAPAHEWHAMSVEQVRKALPSPDEQAPAKAPPSPYPARALAGGLHTAKRGAQITQAPLNALWQLTKAMRAELSDPLTPMLALGAMASAVLGSPVDAVMVGSVLTGNSILAASQRLRAESRLNRLLAQQIPPARKVLAGADDQPRYIEVRAEELRPGDIIEVRTHEVVPADARVIEEVDVEVDESALTGESLSVTKQVEPTPGVDLIERRCMLYAGTTVVSGTAVAVVTAVGPDTQERRAAELVSGDLSSVGLQHQLSRLTNQAWPVSMTGGALVTGLGLLRRRGLRQAVASGIAVTVAAVPEGMPLVATLAQQASARRLSHFGALVRIPRSVEALGRVDMVCFDKTGTLSENRLRVAQVRPVAGHSREEVLRCAAHAAPASNGPQVHATDVAIVQAAAAAAASGTDGAEPGAAEPAAHLPFRSGRSFSASVSGTELTVKGAPEVVLAACEGIGSSMDDAVAELAANGLRVIAVAHRQLTAQQAQSVVDDPDEIARLCRDELSLVGFLGLSDTPRAQAAALLADLHEHDLDIRLITGDHPITAAAIAEELGMQVSPEQVISGAEWDALSRKDQERAVAERVIFARMTPENKVQIVQTLEHSGRVCAMVGDGSNDAAAIRAATVGIGVVAHGSDPARVAADLVLVDGRIESLLPAILEGRQLWQRVQAAVSVLLGGNAGEVAFAIIGSAITGTSPLNTRQLLLVNMLTDALPAAALAVSKPSDPVTPATRGPDQRELWRAVGIRGATTAAAATVAWVMAGFTGLPRRASTVALVALVAAQLGQTLVDSHAWLVVLTALGSLAALATLISIPVVSQLLGCTPLDPLGWAQATAAATAATVAVAVLNRVLTGRDKSGQPNPQPPETDALSRDASPGAPPGPRRRRRATARRKAPVKAPSATRQTTKPKGPPAHRSSSTYPRR,711.0,731.0,0.45,0.3,Rv0425c,Mb0433c,99.9,1539,Mb0433c_92
28,0.493,7.0,RFLMRNPRR,netmhciipan,Rv1033c,1.0,TEFELLRFLMRNPRRALSRT,192.0,,Rv1033c,257.0,MTTMSGYTRSQRPRQAILGQLPRIHRADGSPIRVLLVDDEPALTNLVKMALHYEGWDVEVAHDGQEAIAKFDKVGPDVLVLDIMLPDVDGLEILRRVRESDVYTPTLFLTARDSVMDRVTGLTSGADDYMTKPFSLEELVARLRGLLRRSSHLERPADEALRVGDLTLDGASREVTRDGTPISLSSTEFELLRFLMRNPRRALSRTEILDRVWNYDFAGRTSIVDLYISYLRKKIDSDREPMIHTVRGIGYMLRPPE,186.0,206.0,0.35,0.45,Rv1033c,Mb1062c,100.0,257,Mb1062c_25
43,0.4320000000000001,7.0,LTHALAAMR,netmhciipan,Rv2148c,4.0,PDRESELTHALAAMRSRLAA,14.0,,Rv2148c,258.0,MAADLSAYPDRESELTHALAAMRSRLAAAAEAAGRNVGEIELLPITKFFPATDVAILFRLGCRSVGESREQEASAKMAELNRLLAAAELGHSGGVHWHMVGRIQRNKAGSLARWAHTAHSVDSSRLVTALDRAVVAALAEHRRGERLRVYVQVSLDGDGSRGGVDSTTPGAVDRICAQVQESEGLELVGLMGIPPLDWDPDEAFDRLQSEHNRVRAMFPHAIGLSAGMSNDLEVAVKHGSTCVRVGTALLGPRRLRSP,8.0,28.0,0.4,0.3,Rv2148c,Mb2172c,100.0,258,Mb2172c_40
62,,3.0,VRIEERHTR,tepitope,Rv0845,33.0,ATALMVVRIEERHTRSVAGL,200.0,3.786,Rv0845,425.0,MPSYGNLGRLGGRHEYGVLVAMTSSAELDRVRWAHQLRSYRIASVLRIGVVGLMVAAMVVGTSRSEWPQQIVLIGVYAVAALWALLLAYSASRRFFALRRFRSMGRLEPFAFTAVDVLILTGFQLLSTDGIYPLLIMILLPVLVGLDVSTRRAAVVLACTLVGFAVAVLGDPVMLRAIGWPETIFRFALYAFLCATALMVVRIEERHTRSVAGLSALRAELLAQTMTASEVLQRRIAEAIHDGPLQDVLAARQELIELDAVTPGDERVGRALAGLQSASERLRQATFELHPAVLEQVGLGPAVKQLAASTAQRSGIKISTDIDYPIRSGIDPIVFGVVRELLSNVVRHSGATTASVRLGITDEKCVLDVADDGVGVTGDTMARRLGEGHIGLASHRARVDAAGGVLVFLATPRGTHVCVELPLKR,194.0,214.0,0.45,0.4,Rv0845,Mb0868,99.8,425,Mb0868_57
66,,5.0,LLMLGTGRL,tepitope,Rv3805c,2.0,SLLGMVLLMLGTGRLYAPSL,96.0,3.26,Rv3805c,627.0,MVRVSLWLSVTAVAVLFGWGSWQRRWIADDGLIVLRTVRNLLAGNGPVFNQGERVEANTSTAWTYLLYVGGWVGGPMRLEYVALALAMVLSLLGMVLLMLGTGRLYAPSLRGRRAIMLPAGALVYIAVPPARDFATSGLESGLVLAYLGLLWWMMVCWSQPLRARPDSQMFLGALAFVAGCSVLVRPEFALIGGLALIMMLIAARTWRRRVLIVLAGGFLPVAYQIFRMGYYGLLVPSTALAKDAAGDKWSQGMIYVSNFNRPYALWVPLVLSVPLGLLLMTARRRPSFLRPVLAPDYGRVARAVQSPPAVVAFIVGSGVLQALYWIRQGGDFMHGRVLLAPLFCLLAPVGVIPILLPDGKDFSRETGRWLVGALSGLWLGIAGWSLWAANSPGMGDDATRVTYSGIVDERRFYAQATGHAHPLTAADYLDYPRMAAVLTALNNTPEGALLLPSGNYNQWDLVPMIRPSSGTAPGGKPAPKPQHAVFFTNMGMLGMNVGLDVRVIDQIGLVNPLAAHTERLKHARIGHDKNLFPDWVIADGPWVKWYPGIPGYIDQQWVTQAEAALQCPATRAVLNSVRAPITLHRFLSNVLHSYEFTRYRIDRVPRYELVRCGLDVPDGPGPPPRE,90.0,110.0,0.45,0.45,Rv3805c,Mb3835c,99.8,627,Mb3835c_61
54,0.197,3.0,PFRRNLSFY,netmhciipan,Rv3825c,1.0,TKLGLFPFRRNLSFYAVDLG,1677.0,,Rv3825c,2126.0,MGLGSAASGTGADRGAWTLAEPRVTPVAVIGMACRLPGGIDSPELLWKALLRGDDLITEVPPDRWDCDEFYDPQPGVPGRTVCKWGGFLDNPADFDCEFFGIGEREAIAIDPQQRLLLETSWEAMEHAGLTQQTLAGSATGVFAGVTHGDYTMVAADAKQLEEPYGYLGNSFSMASGRVAYAMRLHGPAITVDTACSSGLTAVHMACRSLHEGESDVALAGGVALMLEPRKAAAGSALGMLSPTGRCRAFDVAADGFVSGEGCAVVVLKRLPDALADGDRILAVIRGTSANQDGHTVNIATPSQPAQVAAYRAALAAGGVDAATVGMVEAHGPGTPIGDPIEYASVSEVYGVDGPCALASVKTNFGHTQSTAGVLGLIKVVLALKHGVVPRNLHFTRLPDEIAGITTNLFVPEVTTPWPTNGRQVPRRAAVSSYGFSGTNVHAVVEQAPQTEAQPHAASTPPTGTPALFTLSASSADALRQTAQRLTDWIQQHADSLVLSDLAYTLARRRTHRSVRTAVIASSVDELIAGLGEVADGDTVYQPAVGQDDRGPVWLFSGQGSQWAAMGADLLTNESVFAATVAELEPLIAAESGFSVTEAMTAPETVTGIDRVQPTIFAMQVALAATMAAYGVRPGAVIGHSMGESAAAVVAGVLSAEDGVRVICRRSKLMATIAGSAAMASVELPALAVQSELTALGIDDVVVAVVTAPQSTVIAGGTESVRKLVDIWERRDVLARAVAVDVASHSPQVDPILDELIAALADLNPKAPEIPYYSATLFDPREAPACDARYWADNLRHTVRFSAAVRSALDDGYRVFAELSPHPLLTHAVDQIAGSVGMPVAALAGMRREQPLPLGLRRLLTDLHNAGAAVDFSVLCPQGRLVDAPLPAWSHRFLFYDREGVDNRSPGGSTVAVHPLLGAHVRLPEEPERHAWQADVGTATLPWLGDHRIHNVAALPGAAYCEMALSAARAVLGEQSEVRDMRFEAMLLLDDQTPVSTVATVTSPGVVDFAVEALQEGVGHHLRRASAVLQQVSGECEPPAYDMASLLEAHPCRVDGEDLRRQFDKHGVQYGPAFTGLAVAYVAEDATATMLAEVALPGSIRSQQGLYAIHPALLDACFQSVGAHPDSQSVGSGLLVPLGVRRVRAYAPVRTARYCYTRVTKVELVGVEADIDVLDAHGTVLLAVCGLRIGTGVSERDKHNRVLNERLLTIEWHQRELPEMDPSGAGKWLLISDCAASDVTATRLADAFREHSAACTTMRWPLHDDQLAAADQLRDQVGSDEFSGVVVLTGSNTGTPHQGSADRGAEYVRRLVGIARELSDLPGAVPRMYVVTRGAQRVLADDCVNLEQGGLRGLLRTIGAEHPHLRATQIDVDEQTGVEQLARQLLATSEEDETAWRDNEWYVARLCPTPLRPQERRTIVADHQQSGMRLQIRTPGDMQTIELAAFHRVPPGPGQIEVAVRASSVNFADVLIAFGRYPSFEGHLPQLGTDFAGVVTAVGPGVTDHKVGDHVGGMSPNGCWGTFVTCDARLAATLPPGLGDAQAAAVTTAHATAWYGLHELARIRAGDTVLIHSGTGGVGQAAIAIARAAGAEIFATAGTPQRRELLRNMGIEHVYDSRSIEFAEQIRRDTNGRGVDVVLNSVTGAAQLAGLKLLAFRGRFVEIGKRDIYGDTKLGLFPFRRNLSFYAVDLGLLSATHPEELRDLLGTVYRLTAAGELPMPQSTHYPLVEAATAIRVMGNAEHTGKLVLHIPQTGKSLVTLPPEQAQVFRPDGSYIITGGLGGLGLFLAEKMAAAGCGRIVLNSRTQPTQKMRETIEAIAAMGSEVVVECGDIAQPGTAERLVATAVATGLPVRGVLHAAAVVEDATLANITDELLARDWAPKVHGAWELHEATSGQPLDWFCLFSSAAALTGSPGQSAYSAANSWLDAFAHWRQAQGLPATAIAWGAWSDIGQLGWWSASPARASALEESNYTAITPDEGAYAFEALLRHNRVYTGYAPVIGAPWLVAFAERSRFFEVFSSSNGSGTSKFRVELNELPRDEWPARLRQLVAEQVSLILRRTVDPDRPLPEYGLDSLGALELRTRIETETGIRLAPKNVSATVRGLADHLYEQLAPDDAPAAALSSQ,1671.0,1691.0,0.45,0.35,Rv3825c,Mb3855c,100.0,2126,Mb3855c_49
70,,4.0,YLVDETVEY,tepitope,Rv0041,10.0,PKADAAYLVDETVEYPVQVN,903.0,4.387740000000001,Rv0041,969.0,MTESPTAGPGGVPRADDADSDVPRYRYTAELAARLERTWQENWARLGTFNVPNPVGSLAPPDGAAVPDDKLFVQDMFPYPSGEGLHVGHPLGYIATDVYARYFRMVGRNVLHALGFDAFGLPAEQYAVQTGTHPRTRTEANVVNFRRQLGRLGFGHDSRRSFSTTDVDFYRWTQWIFLQIYNAWFDTTANKARPISELVAEFESGARCLDGGRDWAKLTAGERADVIDEYRLVYRADSLVNWCPGLGTVLANEEVTADGRSDRGNFPVFRKRLRQWMMRITAYADRLLDDLDVLDWPEQVKTMQRNWIGRSTGAVALFSARAASDDGFEVDIEVFTTRPDTLFGATYLVLAPEHDLVDELVAASWPAGVNPLWTYGGGTPGEAIAAYRRAIAAKSDLERQESREKTGVFLGSYAINPANGEPVPIFIADYVLAGYGTGAIMAVPGHDQRDWDFARAFGLPIVEVIAGGNISESAYTGDGILVNSDYLNGMSVPAAKRAIVDRLESAGRGRARIEFKLRDWLFARQRYWGEPFPIVYDSDGRPHALDEAALPVELPDVPDYSPVLFDPDDADSEPSPPLAKATEWVHVDLDLGDGLKPYSRDTNVMPQWAGSSWYELRYTDPHNSERFCAKENEAYWMGPRPAEHGPDDPGGVDLYVGGAEHAVLHLLYSRFWHKVLYDLGHVSSREPYRRLVNQGYIQAYAYTDARGSYVPAEQVIERGDRFVYPGPDGEVEVFQEFGKIGKSLKNSVSPDEICDAYGADTLRVYEMSMGPLEASRPWATKDVVGAYRFLQRVWRLVVDEHTGETRVADGVELDIDTLRALHRTIVGVSEDFAALRNNTATAKLIEYTNHLTKKHRDAVPRAAVEPLVQMLAPLAPHIAEELWLRLGNTTSLAHGPFPKADAAYLVDETVEYPVQVNGKVRGRVVVAADTDEETLKAAVLTDEKVQAFLAGATPRKVIVVAGRLVNLVI,897.0,917.0,0.4,0.25,Rv0041,Mb0042,100.0,969,Mb0042_65
100,,3.0,LVHDDLIDR,tepitope,Rv2173,6.0,LLHAWALVHDDLIDRSATRR,80.0,5.7,Rv2173,352.0,MAGAITDQLRRYLHGRRRAAAHMGSDYDGLIADLEDFVLGGGKRLRPLFAYWGWHAVASREPDPDVLLLFSALELLHAWALVHDDLIDRSATRRGRPTAQLRYAALHRDRDWRGSPDQFGMSAAILLGDLAQVWADDIVSKVCQSALAPDAQRRVHRVWADIRNEVLGGQYLDIVAEASAAESIESAMNVATLKTACYTVSRPLQLGTAAAADRSDVAAIFEHFGADLGVAFQLRDDVLGVFGDPAVTGKPSGDDLKSGKRTVLVAEAVELADRSDPLAAKLLRTSIGTRLTDAQVRELRTVIEAVGARAAAESRIAALTQRALATLASAPINATAKAGLSELAMMAANRSA,74.0,94.0,0.5,0.4,Rv2173,Mb2195,100.0,352,Mb2195_89
33,0.35200000000000004,5.0,LRAIFINSV,netmhciipan,Rv1167c,4.0,LLHEPELRAIFINSVWAPRL,121.0,,Rv1167c,201.0,MTVSAPAKANPYRRRGEVLERALYDATLAELESAGYGGLTMEGIAARAQTGKAALYRRWAGKRELVLAAVQYALPPVPEPRADRSARENLLAVFTANCEILAGKTALPSMEIVSQLLHEPELRAIFINSVWAPRLRIVESILQAGVRSGEIDPATLTPMTARIGPALIHQHVLFTGSPPDREQLTRIIDAMILTTGERRES,115.0,135.0,0.55,0.35,Rv1167c,Mb1199c,100.0,201,Mb1199c_30
39,0.438,3.0,WKIRNLVKK,netmhciipan,Rv2299c,1.0,HDYTSEWKIRNLVKKYSDFI,196.0,,Rv2299c,647.0,MNAHVEQLEFQAEARQLLDLMVHSVYSNKDAFLRELISNASDALDKLRIEALRNKDLEVDTSDLHIEIDADKAARTLTVRDNGIGMAREEVVDLIGTLAKSGTAELRAQLREAKNAAASEELIGQFGIGFYSSFMVADKVQLLTRKAGESAATRWESSGEGTYTIESVEDAPQGTSVTLHLKPEDAEDDLHDYTSEWKIRNLVKKYSDFIAWPIRMDVERRTPASQEEGGEGGEETVTIETETLNSMKALWARPKEEVSEQEYKEFYKHVAHAWDDPLEIIAMKAEGTFEYQALLFIPSHAPFDLFDRDAHVGIQLYVKRVFIMGDCDQLMPEYLRFVKGVVDAQDMSLNVSREILQQDRQIKAIRRRLTKKVLSTIKDVQSSRPEDYRTFWTQFGRVLKEGLLSDIDNRETLLGISSFVSTYSEEEPTTLAEYVERMKDGQQQIFYATGETRQQLLKSPHLEAFKAKGYEVLLLTDPVDEVWVGMVPEFDGKPLQSVAKGEVDLSSEEDTSEAEREERQKEFADLLTWLQETLSDHVKEVRLSTRLTESPACLITDAFGMTPALARIYRASGQEVPVGKRILELNPSHPLVTGLRQAHQDRADDAEKSLAETAELLYGTALLAEGGALEDPARFAELLAERLARTL,190.0,210.0,0.3,0.15,Rv2299c,Mb2321c,100.0,647,Mb2321c_36
55,0.516,3.0,YVAIKRREA,netmhciipan,Rv1838c,2.0,QEICHRYVAIKRREAIQPAF,50.0,,Rv1838c,131.0,MILVDSNIPMYLVGASHPHKLDAQRLLESALSGGERLVTDAEVLQEICHRYVAIKRREAIQPAFDAIIGVVDEVLPIERTDVEHARDALLRYQTLSARDALHIAVMAHHDITRLMSFDRGFDSYPGIKRLA,44.0,64.0,0.4,0.2,Rv1838c,Mb1869c,100.0,131,Mb1869c_50
83,,6.0,MMVFSKSFS,tepitope,Rv0876c,1.0,YPCALAMMVFSKSFSVLRSA,213.0,3.7061300000000004,Rv0876c,548.0,MAPTPGRRTRNGSVNGHPGMANYPPDDANYRRSRRPPPMPSANRYLPPLGEQPEPERSRVPPRTTRAGERITVTRAAAMRSREMGSRMYLLVHRAATADGADKSGLTALTWPVMANFAVDSAMAVALANTLFFAAASGESKSRVALYLLITIAPFAVIAPLIGPALDRLQHGRRVALALSFGLRTALAVVLIMNYDGATGSFPSWVLYPCALAMMVFSKSFSVLRSAVTPRVMPPTIDLVRVNSRLTVFGLLGGTIAGGAIAAGVEFVCTHLFQLPGALFVVVAITIAGASLSMRIPRWVEVTSGEVPATLSYHRDRGRLRRRWPEEVKNLGGTLRQPLGRNIITSLWGNCTIKVMVGFLFLYPAFVAKAHEANGWVQLGMLGLIGAAAAVGNFAGNFTSARLQLGRPAVLVVRCTVLVTVLAIAAAVAGSLAATAIATLITAGSSAIAKASLDASLQHDLPEESRASGFGRSESTLQLAWVLGGAVGVLVYTELWVGFTAVSALLILGLAQTIVSFRGDSLIPGLGGNRPVMAEQETTRRGAAVAPQ,207.0,227.0,0.45,0.25,Rv0876c,Mb0900c,99.8,548,Mb0900c_77
25,0.21,4.0,YFLDRGLRD,netmhciipan,Rv2935,1.0,VPPNVTYFLDRGLRDTGRCR,1026.0,,Rv2935,1488.0,MSIPENAIAVVGMAGRFPGAKDVSAFWSNLRRGKESIVTLSEQELRDAGVSDKTLADPAYVRRAPLLDGIDEFDAGFFGFPPLAAQVLDPQHRLFLQCAWHALEDAGADPARFDGSIGVYGTSSPSGYLLHNLLSHRDPNAVLAEGLNFDQFSLFLQNDKDFLATRISHAFNLRGPSIAVQTACSSSLVAVHLACLSLLSGECDMALAGGSSLCIPHRVGYFTSPGSMVSAVGHCRPFDVRADGTVFGSGVGLVVLKPLAAAIDAGDRIHAVIRGSAINNDGSAKMGYAAPNPAAQADVIAEAHAVSGIDSSTVSYVECHGTGTPLGDPIEIQGLRAAFEVSQTSRSAPCVLGSVKSNIGHLEVAAGIAGLIKTILCLKNKALPATLHYTSPNPELRLDQSPFVVQSKYGPWECDGVRRAGVSSFGVGGTNAHVVLEEAPAEASEVSAHAEPAGPQVILLSAQTAAALGESRTALAAALETQDGPRLSDVAYTLARRRKHNVTMAAVVHDREHAATVLRAAEHDNVFVGEAAHDGEHGDRADAAPTSDRVVFLFPGQGAQHVGMAKGLYDTEPVFAQHFDTCAAGFRDETGIDLHAEVFDGTATDLERIDRSQPALFTVEYALAKLVDTFGVRAGAYIGYSTGEYIAATLAGVFDLQTAIKTVSLRARLMHESPPGAMVAVALGPDDVTQYLPPEVELSAVNDPGNCVVAGPKDQIRALRQRLTEAGIPVRRVRATHAFHTSAMDPMLGQFQEFLSRQQLRPPRTPLLSNLTGSWMSDQQVVDPASWTRQISSPIRFADELDVVLAAPSRILVEVGPGGSLTGSAMRHPKWSTTHRTVRLMRHPLQDVDDRDTFLRALGELWSAGVEVDWTPRRPAVPHLVSLPGYPFARQRHWVEPNHTVWAQAPGANNGSPAGTADGSTAATVDAARNGESQTEVTLQRIWSQCLGVSSVDRNANFFDLGGDSLMAISIAMAAANEGLTITPQDLYEYPTLASLTAAVDASFASSGLAKPPEAQANPAVPPNVTYFLDRGLRDTGRCRVPLILRLDPKIGLPDIRAVLTAVVNHHDALRLHLVGNDGIWEQHIAAPAEFTGLSNRSVPNGVAAGSPEERAAVLGILAELLEDQTDPNAPLAAVHIAAAHGGPHYLCLAIHAMVTDDSSRQILATDIVTAFGQRLAGEEITLEPVSTGWREWSLRCAALATHPAALDTRSYWIENSTKATLWLADALPNAHTAHPPRADELTKLSSTLSVEQTSELDDGRRRFRRSIQTILLAALGRTIAQTVGEGVVAVELEGEGRSVLRPDVDLRRTVGWFTTYYPVPLACATGLGALAQLDAVHNTLKSVPHYGIGYGLLRYVYAPTGRVLGAQRTPDIHFRYAGVIPELPSGDAPVQFDSDMTLPVREPIPGMGHAIELRVYRFGGSLHLDWWYDTRRIPAATAEALERTFPLALSALIQEAIAAEHTEHDDSEIVGEPEAGALVDLSSMDAG,1020.0,1040.0,0.25,0.4,Rv2935,Mb2960,99.9,1488,Mb2960_23
51,0.35600000000000004,5.0,FKKSVNAML,netmhciipan,Rv0244c,128.0,VMLPESFKKSVNAMLEAGWD,79.0,,Rv0244c,611.0,MSHYRSNVRDQVFNLFEVLGVDKALGHGEFSDVDVDTARDMLAEVSRLAEGPVAESFVEGDRNPPVFDPKTHSVMLPESFKKSVNAMLEAGWDKVGIDEALGGMPMPKAVVWALHEHILGANPAVWMYAGGAGFAQILYHLGTEEQKKWAVLAAERGWGSTMVLTEPDAGSDVGAARTKAVQQADGSWHIDGVKRFITSGDSGDLFENIFHLVLARPEGAGPGTKGLSLYFVPKFLFDVETGEPGERNGVFVTNVEHKMGLKVSATCELAFGQHGVPAKGWLVGEVHNGIAQMFEVIEQARMMVGTKAIATLSTGYLNALQYAKSRVQGADLTQMTDKTAPRVTITHHPDVRRSLMTQKAYAEGLRALYLYTATFQDAAVAEVVHGVDAKLAVKVNDLMLPVVKGVGSEQAYAKLTESLQTLGGSGFLQDYPIEQYIRDAKIDSLYEGTTAIQAQDFFFRKIVRDKGVALAHVSGQIQEFVDSGAGNGRLKTERALLAKALTDVQGMAAALTGYLMAAQQDVTSLYKVGLGSVRFLMSVGDLIIGWLLQRQAAVAVAALDAGATGDERSFYEGKVAVASFFAKNFLPLLTSTREVIETLDNDIMELDEAAF,73.0,93.0,0.4,0.2,Rv0244c,Mb0250c,99.7,611,Mb0250c_46
102,,3.0,LGVDEVWAV,tepitope,Rv1599,7.0,LAAARLLGVDEVWAVGGAQA,180.0,4.2,Rv1599,438.0,MLTRIDLRGAELTAAELRAALPRGGADVEAVLPTVRPIVAAVAERGAEAALDFGASFDGVRPHAIRVPDAALDAALAGLDCDVCEALQVMVERTRAVHSGQRRTDVTTTLGPGATVTERWVPVERVGLYVPGGNAVYPSSVVMNVVPAQAAGVDSLVVASPPQAQWDGMPHPTILAAARLLGVDEVWAVGGAQAVALLAYGGTDTDGAALTPVDMITGPGNIYVTAAKRLCRSRVGIDAEAGPTEIAILADHTADPVHVAADLISQAEHDELAASVLVTPSEDLADATDAELAGQLQTTVHRERVTAALTGRQSAIVLVDDVDAAVLVVNAYAAEHLEIQTADAPQVASRIRSAGAIFVGPWSPVSLGDYCAGSNHVLPTAGCARHSSGLSVQTFLRGIHVVEYTEAALKDVSGHVITLATAEDLPAHGEAVRRRFER,174.0,194.0,0.65,0.35,Rv1599,Mb1625,100.0,438,Mb1625_91
38,0.468,3.0,RRLLRRVIR,netmhciipan,Rv2555c,1.0,GRGYVLRRLLRRVIRSAKLL,308.0,,Rv2555c,904.0,MQTHEIRKRFLDHFVKAGHTEVPSASVILDDPNLLFVNAGMVQFVPFFLGQRTPPYPTATSIQKCIRTPDIDEVGITTRHNTFFQMAGNFSFGDYFKRGAIELAWALLTNSLAAGGYGLDPERIWTTVYFDDDEAVRLWQEVAGLPAERIQRRGMADNYWSMGIPGPCGPSSEIYYDRGPEFGPAGGPIVSEDRYLEVWNLVFMQNERGEGTTKEDYQILGPLPRKNIDTGMGVERIALVLQDVHNVYETDLLRPVIDTVARVAARAYDVGNHEDDVRYRIIADHSRTAAILIGDGVSPGNDGRGYVLRRLLRRVIRSAKLLGIDAAIVGDLMATVRNAMGPSYPELVADFERISRIAVAEETAFNRTLASGSRLFEEVASSTKKSGATVLSGSDAFTLHDTYGFPIELTLEMAAETGLQVDEIGFRELMAEQRRRAKADAAARKHAHADLSAYRELVDAGATEFTGFDELRSQARILGIFVDGKRVPVVAHGVAGGAGEGQRVELVLDRTPLYAESGGQIADEGTISGTGSSEAARAAVTDVQKIAKTLWVHRVNVESGEFVEGDTVIAAVDPGWRRGATQGHSGTHMVHAALRQVLGPNAVQAGSLNRPGYLRFDFNWQGPLTDDQRTQVEEVTNEAVQADFEVRTFTEQLDKAKAMGAIALFGESYPDEVRVVEMGGPFSLELCGGTHVSNTAQIGPVTILGESSIGSGVRRVEAYVGLDSFRHLAKERALMAGLASSLKVPSEEVPARVANLVERLRAAEKELERVRMASARAAATNAAAGAQRIGNVRLVAQRMSGGMTAADLRSLIGDIRGKLGSEPAVVALIAEGESQTVPYAVAANPAAQDLGIRANDLVKQLAVAVEGRGGGKADLAQGSGKNPTGIDAALDAVRSEIAVIARVG,302.0,322.0,0.45,0.65,Rv2555c,Mb2585c,99.9,904,Mb2585c_35
11,0.256,4.0,LRYEFTSYR,netmhciipan,Rv3237c,105.0,LLPGVGLRYEFTSYRGDRIG,12.0,,Rv3237c,160.0,MDVKEVLLPGVGLRYEFTSYRGDRIGIVARRSGGFDVVLYGRDDPDEARPVLRLTDEEAEAVAQILGAPRIAERFTELTREVPGLKAGQIHIRAGSLFVDRPLGDTRARTRTGASIVAIVRDEDVLASPGPTDVLRAGDVLIVIGTEDGIAGVEQIVEKG,6.0,26.0,0.3,0.35,Rv3237c,Mb3265c,100.0,160,Mb3265c_9
8,0.21,3.0,LRMTWGRAV,netmhciipan,Rv0060,7.0,IEGVEGLRMTWGRAVILEAM,161.0,,Rv0060,352.0,MITYGSGDLLRADTEALVNTVNCVGVMGKGIALQFKRRYPEMFTAYEKACKRGEVTIGKMFVVDTGQLDGPKHIINFPTKKHWRAPSKLAYIDAGLIDLIRVIRELNIASVAVPPLGVGNGGLDWEDVEQRLVSAFQQLPDVDAVIYPPSGGSRAIEGVEGLRMTWGRAVILEAMRRYLQQRRAMEPWEDPAGISHLEIQKLMYFANEADPDLALDFTPGRYGPYSERVRHLLQGMEGAFTVGLGDGTARVLANQPISLTTKGTDAITDYLATDAAADRVSAAVDTVLRVIEGFEGPYGVELLASTHWVATREGAKEPATAAAAVRKWTKRKGRIYSDDRIGVALDRILMTA,155.0,175.0,0.45,0.3,Rv0060,Mb0061,100.0,352,Mb0061_8
68,,3.0,IQLYIVGVF,tepitope,Rv2690c,2.0,AELTALIQLYIVGVFISFTM,397.0,4.000000000000001,Rv2690c,657.0,MSKLSTAARRLLIGRPFRSDRLSHTLLPKRIALPVFASDAMSSIAYAPEEIFLVLSVAGLAAYSMAPLIGLAVAAVLLVVVSSYRQNVHAYPSGGGDYEVVTTNLGATGGLVVASALMVDYVLTVAVSISSAASNIGSVSPFVYEHKVLFAVGAIVLIMAMNLRGVRESGLAFAIPTYAFIAGIGTMLVWGLFRIFVLGNPVRAESAAFEMHAEHGQIVGFALVFLVARSFSSGCAALTGVEAISNGVPAFQKPKSRNAATTLLMLGIIAVSMFMGMIVLAVETGVQVVDDPDTQLTGAPPGYQQKTLVAQLAQAVFGGFYLGFLLIAAVTALILVLAANTAFNGFPVLGSVLAQHSYLPRQLHTRGDRLAFSNGILFLAAAAIGAVVAFRAELTALIQLYIVGVFISFTMSQVGMVRHWTRLLSAETDPRARRAMLRSRAVNTVGFVSTGTVLLIVLVTKFLAGAWIAIVAMGGFFMMMKLIHRHYDAVNRELAEQAEEAEITLPSRNHAVVLVSKLHLPTLRALTYARATRPDVLEAVTVNVDDAETRELVRQWQDSDVSVPLKVIASPYREITRPVLDYVKRVSKESPRTVVTVFIPEYVVGRWWEQLLHNQSALRLKGRLLFMPGVMVTSVPWQLTSSERIKTLQPHAAPGDT,391.0,411.0,0.6,0.25,Rv2690c,Mb2709c,100.0,657,Mb2709c_63
77,,3.0,IWADYTAAH,tepitope,Rv2587c,15.0,KGPAANIWADYTAAHIGTQT,299.0,2.3805400000000003,Rv2587c,573.0,MASSSAPVHPARYLSVFLVMLIGIYLLVFFTGDKHTAPKLGIDLQGGTRVTLTARTPDGSAPSREALAQAQQIISARVNGLGVSGSEVVVDGDNLVITVPGNDGSEARNLGQTARLYIRPVLNSMPAQPAAEEPQPAPSAEPQPPGQPAAPPPAQSGAPASPQPGAQPRPYPQDPAPSPNPTSPASPPPAPPAEAPATDPRKDLAERIAQEKKLRQSTNQYMQMVALQFQATRCESDDILAGNDDPKLPLVTCSTDHKTAYLLAPSIISGDQIQNATSGMDQRGIGYVVDLQFKGPAANIWADYTAAHIGTQTAFTLDSQVVSAPQIQEAIPGGRTQISGGDPPFTAATARQLANVLKYGSLPLSFEPSEAQTVSATLGLSSLRAGMIAGAIGLLLVLVYSLLYYRVLGLLTALSLVASGSMVFAILVLLGRYINYTLDLAGIAGLIIGIGTTADSFVVFFERIKDEIREGRSFRSAVPRGWARARKTIVSGNAVTFLAAAVLYFLAIGQVKGFAFTLGLTTILDLVVVFLVTWPLVYLASKSSLLAKPAYNGLGAVQQVARERRAMARTGRG,293.0,313.0,0.4,0.0,Rv2587c,Mb2618c,99.8,573,Mb2618c_71
73,,8.0,LVAVVVMVA,tepitope,Rv1836c,2.0,IGVIVALVAVVVMVAGVILW,122.0,4.4,Rv1836c,677.0,MGRHSKPDPEDSVDDLSDGHAAEQQHWEDISGSYDYPGVDQPDDGPLSSEGHYSAVGGYSASGSEDYPDIPPRPDWEPTGAEPIAAAPPPLFRFGHRGPGDWQAGHRSADGRRGVSIGVIVALVAVVVMVAGVILWRFFGDALSNRSHTAAARCVGGKDTVAVIADPSIADQVKESADSYNASAGPVGDRCVAVAVTSAGSDAVINGFIGKWPTELGGQPGLWIPSSSISAARLTGAAGSQAISDSRSLVISPVLLAVRPELQQALANQNWAALPGLQTNPNSLSGLDLPAWGSLRLAMPSSGNGDAAYLAGEAVAAASAPAGAPATAGIGAVRTLMGARPKLADDSLTAAMDTLLKPGDVATAPVHAVVTTEQQLFQRGQSLSDAENTLGSWLPPGPAAVADYPTVLLSGAWLSQEQTSAASAFARYLHKPEQLAKLARAGFRVSDVKPPSSPVTSFPALPSTLSVGDDSMRATLADTMVTASAGVAATIMLDQSMPNDEGGNSRLSNVVAALENRIKAMPPSSVVGLWTFDGREGRTEVPAGPLADPVNGQPRPAALTAALGKQYSSGGGAVSFTTLRLIYQEMLANYRVGQANSVLVITAGPHTDQTLDGPGLQDFIRKSADPAKPIAVNIIDFGADPDRATWEAVAQLSGGSYQNLETSASPDLATAVNIFLS,116.0,136.0,0.85,0.5,Rv1836c,Mb1867c,99.7,677,Mb1867c_67
37,0.165,3.0,VLSKDPLYL,netmhciipan,Rv2285,1.0,FTVSNVVLSKDPLYLSGAKL,371.0,,Rv2285,445.0,MKLLSPLDQMFARMEAPRTPMHIGAFAVFDLPKGAPRRFIRDLYEAISQLAFLPFPFDSVIAGGASMAYWRQVQPDPSYHVRLSALPYPGTGRDLGALVERLHSTPLDMAKPLWELHLIEGLTGRQFAMYFKAHHCAVDGLGGVNLIKSWLTTDPEAPPGSGKPEPFGDDYDLASVLAAATTKRAVEGVSAVSELAGRLSSMVLGANSSVRAALTTPRTPFNTRVNRHRRLAVQVLKLPRLKAVAHATDCTVNDVILASVGGACRRYLQELGDLPTNTLTASVPVGFERDADTVNAASGFVAPLGTSIEDPVARLTTISASTTRGKAELLAMSPNALQHYSVFGLLPIAVGQKTGALGVIPPLFNFTVSNVVLSKDPLYLSGAKLDVIVPMSFLCDGYGLNVTLVGYTDKVVLGFLGCRDTLPHLQRLAQYTGAAFEELETAALP,365.0,385.0,0.45,0.35,Rv2285,Mb2306,100.0,445,Mb2306_34
81,,3.0,VLVDGRAVG,tepitope,Rv0802c,24.0,WSLPLAVLVDGRAVGVQALS,83.0,5.2,Rv0802c,218.0,MSRHWPLFDLRITTPRLQLQLPTEELCDQLIDTILEGVHDPDRMPFSVPWTRASREDLPFNTLSHLWQQLAGFKRDDWSLPLAVLVDGRAVGVQALSSKDFPITRQVDSGSWLGLRYQGHGYGTEMRAAVLYFAFAELEAQVATSRSFVDNPASIAVSRRNGYRDNGLDRVAREGAMAEALLFRLTRDDWQRHRTVEVRVDGFDRCRPLFGPLEPPRY,77.0,97.0,0.6,0.45,Rv0802c,Mb0825c,100.0,218,Mb0825c_75
19,0.358,4.0,LKLVPQSRY,netmhciipan,Rv3010c,124.0,ADAVRKLKLVPQSRYDDAAA,326.0,,Rv3010c,343.0,MRIGVLTGGGDCPGLNAVIRAVVRTCHARYGSSVVGFQNGFRGLLENRRVQLHNDDRNDRLLAKGGTMLGTARVHPDKLRAGLPQIMQTLDDNGIDVLIPIGGEGTLTAASWLSEENVPVVGVPKTIDNDIDCTDVTFGHDTALTVATEAIDRLHSTAESHERVMLVEVMGRHAGWIALNAGLASGAHMTLIPEQPFDIEEVCRLVKGRFQRGDSHFICVVAEGAKPAPGTIMLREGGLDEFGHERFTGVAAQLAVEVEKRINKDVRVTVLGHIQRGGTPTAYDRVLATRFGVNAADAAHAGEYGQMVTLRGQDIGRVPLADAVRKLKLVPQSRYDDAAAFFG,320.0,340.0,0.45,0.3,Rv3010c,Mb3035c,100.0,343,Mb3035c_17
46,0.244,4.0,LRLSEPERV,netmhciipan,Rv2852c,5.0,NYLISQLRLSEPERVSALRE,363.0,,Rv2852c,493.0,MSDLARTDVVLIGAGIMSATLGVLLRRLEPNWSITLIERLDAVAAESSGPWNNAGTGHSALCEMNYTPEMPDGSIDITKAVRVNEQFQVTRQFWAYAAENGILTDVRSFLNPVPHVSFVHGSRGVEYLRRRQKALAGNPLFAGTEFIESPDEFARRLPFMAAKRAFSEPVALNWAADGTDVDFGALAKQLIGYCVQNGTTALFGHEVRNLSRQSDGSWTVTMCNRRTGEKRKLNTKFVFVGAGGDTLPVLQKSGIKEVKGFAGFPIGGRFLRAGNPALTASHRAKVYGFPAPGAPPLGALHLDLRFVNGKSWLVFGPYAGWSPKFLKHGQISDLPRSIRPDNLLSVLGVGLTERRLLNYLISQLRLSEPERVSALREFAPSAIDSDWELTIAGQRVQVIRRDERNGGVLEFGTTVIGDADGSIAGLLGGSPGASTAVAIMLDVLQKCFANRYQSWLPTLKEMVPSLGVQLSNEPALFDEVWSWSTKALKLGAA,357.0,377.0,0.35,0.4,Rv2852c,Mb2877c,100.0,493,Mb2877c_42
36,0.192,3.0,AYVADVDRL,netmhciipan,Rv2047c,26.0,SPRDTDAYVADVDRLERLAF,453.0,,Rv2047c,854.0,MRIAVTGASGVLGRGLTARLLSQGHEVVGIARHRPDSWPSSADFIAADIRDATAVESAMTGADVVAHCAWVRGRNDHINIDGTANVLKAMAETGTGRIVFTSSGHQPRVEQMLADCGLEWVAVRCALIFGRNVDNWVQRLFALPVLPAGYADRVVQVVHSDDAQRLLVRALLDTVIDSGPVNLAAPGELTFRRIAAALGRPMVPIGSPVLRRVTSFAELELLHSAPLMDVTLLRDRWGFQPAWNAEECLEDFTLAVRGRIGLGKRTFSLPWRLANIQDLPAVDSPADDGVAPRLAGPEGANGEFDTPIDPRFPTYLATNLSEALPGPFSPSSASVTVRGLRAGGVGIAERLRPSGVIQREIAMRTVAVFAHRLYGAITSAHFMAATVPFAKPATIVSNSGFFGPSMASLPIFGAQRPPSESSRARRWLRTLRNIGVFGVNLVGLSAGSPRDTDAYVADVDRLERLAFDNLATHDDRRLLSLILLARDHVVHGWVLASGSFMLCAAFNVLLRGLCGRDTAPAAGPELVSARSVEAVQRLVAAARRDPVVIRLLAEPGERLDKLAVEAPEFHSAVLAELTLIGHRGPAEVEMAATSYADNPELLVRMVAKTLRAVPAPQPPTPVIPLRAKPVALLAARQLRDREVRRDRMVRAIWVLRALLREYGRRLTEAGVFDTPDDVFYLLVDEIDALPADVSGLVARRRAEQRRLAGIVPPTVFSGSWEPSPSSAAALAAGDTLRGVGVCGGRVRGRVRIVRPETIDDLQPGEILVAEVTDVGYTAAFCYAAAVVTELGGPMSHAAVVAREFGFPCVVDAQGATRFLPPGALVEVDGATGEIHVVELASEDGPALPGSDLSR,447.0,467.0,0.4,0.35,Rv2047c,Mb2073c,100.0,854,Mb2073c_33
32,0.369,3.0,IRVVRRDGS,netmhciipan,Rv0176,3.0,GRALTGIRVVRRDGSAIGPW,93.0,,Rv0176,322.0,MTVVVEKTPTTLPQATPNGAAPWHVRAGAFAIDVLPGLAVAATMALTALTVPPGSAWRWLCACLLGLTILLLAVNRLLLPTITGWSLGRALTGIRVVRRDGSAIGPWRLLVRDLAHLVDTLSLFVGWLWPLWDSRRRTFADLLLRTEVRRVEPVQRPAVIRRLTAAVALAAAGACASATAVGAAVVYVNEWQTDHTRAQLATRGPKLVVDVLSYDPETVQRDFERARSLATDRYRPQLSIQQDSVRESGPVRNQYWVTDSAVLSATPAQATMLLFMQGERGTPPNQRYIQSTVRAIFQKSRGQWRLDDLAVVMKPRQPTGEK,87.0,107.0,0.4,0.35,Rv0176,Mb0182,99.4,322,Mb0182_29
18,,8.0,VVFLVALPL,tepitope,Rv3273,1.0,DVPASLVVFLVALPLSLGIA,39.0,3.726300000000001,Rv3273,764.0,MTIPRSQHMSTAVNSCTEAPASRSQWMLANLRHDVPASLVVFLVALPLSLGIAIASGAPIIAGVIAAVVGGIVAGAVGGSPVQVSGPAAGLTVVVAELIDELGWPMLCLMTIAAGALQIVFGLSRMARAALAIAPVVVHAMLAGIGITIALQQIHVLLGGTSHSSAWRNIVALPDGILHHELHEVIVGGTVIAILLMWSKLPAKVRIIPGPLVAIAGATVLALLPVLQTERIDLQGNFFDAIGLPKLAEMSPGGQPWSHEISAIALGVLTIALIASVESLLSAVGVDKLHHGPRTDFNREMVGQGSANVVSGLLGGLPITGVIVRSSANVAAGARTRMSTILHGVWILLFASLFTNLVELIPKAALAGLLIVIGAQLVKLAHIKLAWRTGNFVIYAITIVCVVFLNLLEGVAIGLVVAIVFLLVRVVRAPVEVKPVGGEQSKRWRVDIDGTLSFLLLPRLTTVLSKLPEGSEVTLNLNADYIDDSVSEAISDWRRAHETRGGVVAIVETSPAKLHHAHARPPKRHFASDPIGLVPWRSARGKDRGSASVLDRIDEYHRNGAAVLHPHIAGLTDSQDPYELFLTCADSRILPNVITASGPGDLYTVRNLGNLVPTDPDDRSVDAALDFAVNQLGVSSVVVCGHSSCAAMTALLEDDPANTTTPMMRWLENAHDSLVVFRNHHPARRSAESAGYPEADQLSIVNVAVQVERLTRHPILATAVAAADLQVIGIFFDISTARVYEVGPNGIICPDEPADRPVDHESAQ,33.0,53.0,0.7,0.45,Rv3273,Mb3301,100.0,764,Mb3301_16
49,0.448,4.0,LAVLRGRLH,netmhciipan,Rv1459c,1.0,MVCWLLLAVLRGRLHPIGGL,455.0,,Rv1459c,591.0,MAARHHTLSWSIASLHGDEQAVGAPLTTTELTALARTRLFGATGTVLMAIGALGAGARPVVQDPTFGVRLLNLPSRIQTVSLTMTTTGAVMMALAWLMLGRFTLGRRRMSRGKLDRTLLLWMLPLLIAPPMYSKDVYSYLAQSEIGRDGLDPYRVGPASGLGLGHVFTLSVPSLWRETPAPYGPLFLWIGRGISSLTGENIVAAVLCHRLVVLIGVTLIVWATPRLAQRCGVAEVSALWLGAANPLLIMHLVAGIHNEALMLGLMLTGVEFALRGLDMANTPRPSPETWRLGPATIRASRRPELGASPRAGASRAVKPRPEWGPLAMLLAGSILITLSSQVKLPSLLAMGFVTTVLAYRWGGNLRALLLAAAVMASLTLAIMAILGWASGLGFGWINTLGTANVVRSWMSPPTLLALGTGHVGILLGLGDHTTAVLSLTRAIGVLIITVMVCWLLLAVLRGRLHPIGGLGVALAVTVLLFPVVQPWYLLWAIIPLAAWATRPGFRVAAILATLIVGIFGPTANGDRFALFQIVDATAASAIIVILLIALTYTRLPWRPLAAEQVVTAAESASKTPATRRPTAAPDAYADST,449.0,469.0,0.55,0.5,Rv1459c,Mb1494c,99.8,591,Mb1494c_44
