Property,A,R,N,D,C,Q,E,G,H,I,L,K,M,F,P,S,T,W,Y,V
Hydrophobic,1,0,0,0,1,0,0,1,1,1,1,1,1,1,0,0,1,1,1,1
Positive,0,1,0,0,0,0,0,0,1,0,0,1,0,0,0,0,0,0,0,0
Negative,0,0,0,1,0,0,1,0,0,0,0,0,0,0,0,0,0,0,0,0
Polar,0,1,1,1,0,1,1,0,1,0,0,1,0,0,0,1,1,1,1,0
Charged,0,1,0,1,0,0,1,0,1,0,0,1,0,0,0,0,0,0,0,0
Small,1,0,1,1,1,0,0,1,0,0,0,0,0,0,1,1,1,0,0,1
Tiny,1,0,0,0,0,0,0,1,0,0,0,0,0,0,0,1,0,0,0,0
Aliphatic,0,0,0,0,0,0,0,0,0,1,1,0,0,0,0,0,0,0,0,1
Aromatic,0,0,0,0,0,0,0,0,1,0,0,0,0,1,0,0,0,1,1,0
Proline,0,0,0,0,0,0,0,0,0,0,0,0,0,0,1,0,0,0,0,0
